MegaDot v4.5.1.m.8.mono.custom_build - https://godotengine.org
D3D12 12_0 - Forward+ - Using Device #0: NVIDIA - NVIDIA GeForce RTX 4080 Laptop GPU
WARNING: PSO caching is not implemented yet in the Direct3D 12 driver.
   at: pipeline_cache_create (drivers/d3d12/rendering_device_driver_d3d12.cpp:4467)

FMOD Sound System: Successfully initialized
[INFO] Found release_info.json at: C:\Program Files (x86)\Steam\steamapps\common\Slay the Spire 2\release_info.json
[INFO] [Sentry.NET] Initialized: env=playtesters, release=v0.99.1
[INFO] Steamworks: attempting initialization...
[INFO] Steam is running: True
[INFO] Steamworks initialization succeeded!
[INFO] Steam is enabled, we will write saves to steam storage. Enabled for account: True, app: True 
[INFO] Registered 8 migrations
[INFO] Current save versions: PrefsSave v2; ProfileSave v2; SerializableProgress v21; RunHistory v8; SerializableRun v14; SettingsSave v5
[INFO] Syncing cloud save files to the local save directory
[WARN] Asset not cached: res://scenes/cards/card.tscn
[WARN] Asset not cached: res://scenes/cards/holders/grid_card_holder.tscn
[INFO] AtlasManager: Loaded ui_atlas with 102 sprites
[INFO] AtlasManager: Loaded compressed with 45 sprites
[INFO] Found mod manifest file C:\Program Files (x86)\Steam\steamapps\common\Slay the Spire 2\mods\Baselib\BaseLib.json
[INFO] Found mod manifest file C:\Program Files (x86)\Steam\steamapps\common\Slay the Spire 2\mods\MomoHanoi\MomoHanoi.json
[INFO] Found mod manifest file C:\Program Files (x86)\Steam\steamapps\common\Slay the Spire 2\mods\SilkSongRelics\SilkSongRelics.json
[INFO] Found mod manifest file C:\Program Files (x86)\Steam\steamapps\common\Slay the Spire 2\mods\Sts2ModAlice\TH_Alice.json
[INFO] Found mod manifest file C:\Program Files (x86)\Steam\steamapps\common\Slay the Spire 2\mods\Sts2ModSakuya\TH_Sakuya.json
[INFO] Found mod manifest file C:\Program Files (x86)\Steam\steamapps\common\Slay the Spire 2\mods\regentSkin\mod_manifest.json
[INFO] Loading assembly DLL C:\Program Files (x86)\Steam\steamapps\common\Slay the Spire 2\mods\Baselib\BaseLib.dll
[INFO] Loading Godot PCK C:\Program Files (x86)\Steam\steamapps\common\Slay the Spire 2\mods\Baselib\BaseLib.pck
[INFO] Calling initializer method of type BaseLib.MainFile for BaseLib, Version=0.2.0.0, Culture=neutral, PublicKeyToken=null
[INFO] [BaseLib] Created node factory for NCreatureVisuals.
[INFO] [BaseLib] Created node factory for NEnergyCounter.
[INFO] Finished mod initialization for 'BaseLib' (BaseLib).
[INFO] Loading Godot PCK C:\Program Files (x86)\Steam\steamapps\common\Slay the Spire 2\mods\regentSkin\regentSkin.pck
[INFO] Finished mod initialization for 'regentSkin' (regentSkin).
[INFO] Loading assembly DLL C:\Program Files (x86)\Steam\steamapps\common\Slay the Spire 2\mods\Sts2ModAlice\TH_Alice.dll
[INFO] Loading Godot PCK C:\Program Files (x86)\Steam\steamapps\common\Slay the Spire 2\mods\Sts2ModAlice\TH_Alice.pck
[INFO] Calling initializer method of type TH_Alice.Scrpits.Main.AliceModInit for TH_Alice, Version=1.0.0.0, Culture=neutral, PublicKeyToken=null
[INFO] Finished mod initialization for '爱丽丝·玛格特洛伊德' (TH_Alice).
[INFO] Loading assembly DLL C:\Program Files (x86)\Steam\steamapps\common\Slay the Spire 2\mods\SilkSongRelics\SilkSongRelics.dll
[INFO] Loading Godot PCK C:\Program Files (x86)\Steam\steamapps\common\Slay the Spire 2\mods\SilkSongRelics\SilkSongRelics.pck
[INFO] Calling initializer method of type SilkSong.Scrpits.Main.SilkSongRelicsModInit for SilkSongRelics, Version=1.0.0.0, Culture=neutral, PublicKeyToken=null
[INFO] Finished mod initialization for '丝之歌遗物' (SilkSongRelics).
[INFO] Loading assembly DLL C:\Program Files (x86)\Steam\steamapps\common\Slay the Spire 2\mods\MomoHanoi\MomoHanoi.dll
[INFO] Loading Godot PCK C:\Program Files (x86)\Steam\steamapps\common\Slay the Spire 2\mods\MomoHanoi\MomoHanoi.pck
[INFO] Calling initializer method of type MomoHanoi.Scripts.Main.MomoInit for MomoHanoi, Version=1.0.0.0, Culture=neutral, PublicKeyToken=null
[INFO] Finished mod initialization for 'MomoHanoi' (MomoHanoi).
[INFO] Loading assembly DLL C:\Program Files (x86)\Steam\steamapps\common\Slay the Spire 2\mods\Sts2ModSakuya\TH_Sakuya.dll
[INFO] Loading Godot PCK C:\Program Files (x86)\Steam\steamapps\common\Slay the Spire 2\mods\Sts2ModSakuya\TH_Sakuya.pck
[INFO] Calling initializer method of type TH_Sakuya.Scripts.Main.SakuyaInit for TH_Sakuya, Version=1.0.0.0, Culture=neutral, PublicKeyToken=null
[INFO] Finished mod initialization for '十六夜咲夜' (TH_Sakuya).
[INFO]  --- RUNNING MODDED! --- Loaded 6 mods (6 total)
[INFO] [BaseLib] Generating interop methods and properties
[WARN] [BaseLib] Recommended to add a prefix such as "SilkSong_" to SavedProperty ToolCount for compatibility.
[WARN] [BaseLib] Recommended to add a prefix such as "SilkSongRelics_" to SavedProperty ToolCount for compatibility.
[WARN] [BaseLib] Recommended to add a prefix such as "SilkSongRelics_" to SavedProperty ToolCount for compatibility.
[WARN] [BaseLib] Recommended to add a prefix such as "SilkSongRelics_" to SavedProperty ToolCount for compatibility.
[WARN] [BaseLib] Recommended to add a prefix such as "SilkSongRelics_" to SavedProperty ToolCount for compatibility.
[WARN] [BaseLib] Recommended to add a prefix such as "SilkSongRelics_" to SavedProperty ToolCount for compatibility.
[WARN] [BaseLib] Recommended to add a prefix such as "SilkSongRelics_" to SavedProperty ToolCount for compatibility.
[WARN] [BaseLib] Recommended to add a prefix such as "SilkSongRelics_" to SavedProperty ToolCount for compatibility.
[WARN] [BaseLib] Recommended to add a prefix such as "SilkSongRelics_" to SavedProperty WasUsed for compatibility.
[WARN] [BaseLib] Recommended to add a prefix such as "SilkSongRelics_" to SavedProperty ToolCount for compatibility.
[WARN] [BaseLib] Recommended to add a prefix such as "SilkSongRelics_" to SavedProperty cnt for compatibility.
[WARN] [BaseLib] Recommended to add a prefix such as "SilkSongRelics_" to SavedProperty ToolCount for compatibility.
[WARN] [BaseLib] Recommended to add a prefix such as "SilkSongRelics_" to SavedProperty ToolCount for compatibility.
[WARN] [BaseLib] Recommended to add a prefix such as "SilkSongRelics_" to SavedProperty cnt for compatibility.
[WARN] [BaseLib] Recommended to add a prefix such as "SilkSongRelics_" to SavedProperty ToolCount for compatibility.
[WARN] [BaseLib] Recommended to add a prefix such as "SilkSongRelics_" to SavedProperty ToolCount for compatibility.
[WARN] [BaseLib] Recommended to add a prefix such as "SilkSongRelics_" to SavedProperty ToolCount for compatibility.
[WARN] [BaseLib] Recommended to add a prefix such as "SilkSongRelics_" to SavedProperty ToolCount for compatibility.
[WARN] [BaseLib] Recommended to add a prefix such as "SilkSongRelics_" to SavedProperty ToolCount for compatibility.
[WARN] [BaseLib] Recommended to add a prefix such as "SilkSongRelics_" to SavedProperty ToolCount for compatibility.
[WARN] [BaseLib] Recommended to add a prefix such as "SilkSongRelics_" to SavedProperty ToolCount for compatibility.
[WARN] [BaseLib] Recommended to add a prefix such as "_" to SavedProperty TotalFocusUsed for compatibility.
[INFO] Loading locale path=res://localization/eng
[INFO] Found loc table from mod: eng settings_ui.json. Merging with base loc table
[INFO] Found loc table from mod: eng static_hover_tips.json. Merging with base loc table
[INFO] Loading locale path=res://localization/zhs
[INFO] Found loc table from mod: zhs ancients.json. Merging with base loc table
[INFO] Found loc table from mod: zhs ancients.json. Merging with base loc table
[INFO] Found loc table from mod: zhs cards.json. Merging with base loc table
[INFO] Found loc table from mod: zhs cards.json. Merging with base loc table
[INFO] Found loc table from mod: zhs cards.json. Merging with base loc table
[INFO] Found loc table from mod: zhs cards.json. Merging with base loc table
[INFO] Found loc table from mod: zhs characters.json. Merging with base loc table
[INFO] Found loc table from mod: zhs characters.json. Merging with base loc table
[INFO] Found loc table from mod: zhs characters.json. Merging with base loc table
[INFO] Found loc table from mod: zhs monsters.json. Merging with base loc table
[INFO] Found loc table from mod: zhs potions.json. Merging with base loc table
[INFO] Found loc table from mod: zhs potions.json. Merging with base loc table
[INFO] Found loc table from mod: zhs potions.json. Merging with base loc table
[INFO] Found loc table from mod: zhs potions.json. Merging with base loc table
[INFO] Found loc table from mod: zhs powers.json. Merging with base loc table
[INFO] Found loc table from mod: zhs powers.json. Merging with base loc table
[INFO] Found loc table from mod: zhs powers.json. Merging with base loc table
[INFO] Found loc table from mod: zhs powers.json. Merging with base loc table
[INFO] Found loc table from mod: zhs relics.json. Merging with base loc table
[INFO] Found loc table from mod: zhs relics.json. Merging with base loc table
[INFO] Found loc table from mod: zhs relics.json. Merging with base loc table
[INFO] Found loc table from mod: zhs relics.json. Merging with base loc table
[INFO] Found loc table from mod: zhs rest_site_ui.json. Merging with base loc table
[INFO] Found loc table from mod: zhs rest_site_ui.json. Merging with base loc table
[INFO] Found loc table from mod: zhs static_hover_tips.json. Merging with base loc table
[INFO] Found loc table from mod: zhs static_hover_tips.json. Merging with base loc table
[INFO] Found loc table from mod: zhs static_hover_tips.json. Merging with base loc table
[INFO] Found loc table from mod: zhs static_hover_tips.json. Merging with base loc table
[INFO] ModelIdSerializationCache initialized. Categories: 19 Entries: 1883 Epochs: 57 Hash: 3940144610
[Sentry.GDExtension] Initialized: env=playtesters, release=v0.99.1
[INFO] AtlasManager: Loaded epoch_atlas with 57 sprites
[INFO] AtlasManager: Loaded relic_atlas with 336 sprites
[INFO] AtlasManager: Loaded relic_outline_atlas with 336 sprites
[INFO] AtlasManager: Loaded power_atlas with 268 sprites
[INFO] AtlasManager: Loaded card_atlas with 840 sprites
[INFO] AtlasManager: Loaded potion_atlas with 63 sprites
[INFO] AtlasManager: Loaded potion_outline_atlas with 63 sprites
[INFO] AtlasManager: Loaded stats_screen_atlas with 16 sprites
[INFO] AtlasManager: Loaded intent_atlas with 310 sprites
[INFO] AtlasManager: Loaded era_atlas with 27 sprites
[INFO] Profile-scoped data path initialized: user://steam/76561198400867451/modded/profile1
[INFO] [Sentry.NET] Platform branch: public, sample rate: 10%
[INFO] AtlasManager: Loaded controller_atlas with 112 sprites
[INFO] Applying display settings...
  FULLSCREEN: False
  ASPECT_RATIO: (SixteenByNine)
  TARGET_DISPLAY: (0)
  WINDOW_SIZE: (1920, 1080)
  POSITION: (399, 233)
[INFO] [Display] Min size: (64, 64) Max size: (16384, 16384)
[INFO] [Display] Attempting WINDOWED mode on Display 1 of 1 at position (399, 233)
[INFO] [Display] SUCCESS: (1920, 1080) Windowed mode in Display 0: Position (399, 233) ((399, 233))
[INFO] [Display] New size: (1920, 1080) position: (399, 233)
[INFO] VSync: Adaptive
[INFO] Wrote 2962 bytes to path=user://steam/76561198400867451/settings.save save_dir=user://steam/76561198400867451
[INFO] Wrote 2962 bytes to settings.save in steam remote store
[INFO] === Godot OS Debug Information ===
Timestamp: 2026/4/3 23:49:04
OS: Windows
OS Version: 10.0.26200
Distribution Name: Windows
Device Model: OMEN by HP Laptop 17-ck2xxx
Is Debug Build: False
Is Sandboxed: False
Executable Path: C:/Program Files (x86)/Steam/steamapps/common/Slay the Spire 2/SlayTheSpire2.exe
Data Directory: C:/Users/10868/AppData/Roaming
User Data Directory: C:/Users/10868/AppData/Roaming/SlayTheSpire2
Command Line Args: --log
User Command Line Args: 
OS Locale: zh_CN
OS Language: zh
Game Locale: zh_CN
Is UserFS Persistent: True
Is Stdout Verbose: False
Is Low Processor Usage Mode: False
Architecture: x86_64
Engine Version: 4.5.1-m.8 (custom_build)
Is Editor: False
Release Version: v0.99.1
Release Commit: 7ac1f450
Release Date: 2026/3/14 3:40:28
Processor Count: 32
Processor Name: 13th Gen Intel(R) Core(TM) i9-13900HX
Rendering device name: NVIDIA GeForce RTX 4080 Laptop GPU
  Graphics adapter 0: NVIDIA GeForce RTX 4080 Laptop GPU
  version: 32.0.15.0
  Graphics adapter 1: Intel(R) UHD Graphics
  version: 31.0.101.0
  Graphics adapter 2: Microsoft Basic Render Driver
  version: 10.0.26100.0
Screen info (primary 0):
  Index 0: Size: (2560, 1440) Orientation: Landscape Scale: 1 DPI: 144 Refresh Rate: 240
Video Memory Used: 0.0B
Memory Info:
  physical: 31.6GB
  free: 14.5GB
  available: 51.6GB
  stack: 8.0MB
  Static Memory Usage: 0.0B
  Static Memory Peak Usage: 0.0B
Important Environment Variables:
  PATH: C:\Program Files\Microsoft MPI\Bin\;C:\Program Files\Common Files\Oracle\Java\javapath;C:\Program Files (x86)\Common Files\Oracle\Java\java8path;C:\Program Files (x86)\Common Files\Oracle\Java\javapath;C:\Program Files (x86)\Common Files\Intel\Shared Libraries\redist\intel64\compiler;C:\windows\system32;C:\windows;C:\windows\System32\Wbem;C:\windows\System32\WindowsPowerShell\v1.0\;C:\windows\System32\OpenSSH\;C:\Program Files (x86)\NVIDIA Corporation\PhysX\Common;C:\Program Files\Microsoft SQL Server\150\Tools\Binn\;C:\Program Files\Microsoft SQL Server\Client SDK\ODBC\170\Tools\Binn\;C:\Program Files\Bandizip\;C:\Program Files\dotnet\;C:\Users\10868\AppData\Local\NVIDIA\ChatWithRTX\env_nvd_rag\Lib\site-packages\torch\lib;C:\Program Files\Git\cmd;C:\Program Files (x86)\ZeroTier\One\;C:\WINDOWS\system32;C:\WINDOWS;C:\WINDOWS\System32\Wbem;C:\WINDOWS\System32\WindowsPowerShell\v1.0\;C:\WINDOWS\System32\OpenSSH\;C:\Program Files\NVIDIA Corporation\NVIDIA App\NvDLISR;C:\Program Files\nodejs\;C:\Program Files (x86)\Windows Kits\10\Windows Performance Toolkit\;c:\Users\10868\AppData\Local\Programs\Trae\bin;C:\Program Files\MySQL\MySQL Shell 8.0\bin\;"C:\Program Files\Java\jdk-18.0.2.1\\bin;C:\Program Files\Java\jdk-18.0.2.1\\jre\bin;C:\Users\10868\AppData\Local\Microsoft\WindowsApps";C:\Users\10868\.dotnet\tools;;C:\Users\10868\AppData\Local\Programs\Ollama;C:\Users\10868\AppData\Local\Microsoft\WindowsApps;C:\Users\10868\AppData\Local\Programs\Microsoft VS Code\bin;C:\Users\10868\AppData\Roaming\npm
  GODOT_ROOT_DIR: 
  HOME: 
  DYLD_LIBRARY_PATH: 
  LD_LIBRARY_PATH: 

[INFO] Preloading 'IntroLogo' assets... count=3 vfx=0
[INFO] SteamStatsManager: User stats received
[INFO] SteamStatsManager: Global stats received (found=True), architect damage = 102678911988
[INFO] Preloading 'IntroLogo' Complete: assets=3 time_elapsed=66ms
[INFO] Preloading 'MainMenuEssentials' assets... count=5 vfx=0
[INFO] Preloading 'MainMenuEssentials' Complete: assets=5 time_elapsed=174ms
[INFO] [Startup] Time to main menu (Godot ticks): 8423ms
[WARN] Asset not cached: res://TH_Sakuya/ArtWorks/Character/sakuya_icon.png
[INFO] [Startup] Time to main menu: 8,588ms
[INFO] [Startup] Resource stats (main menu loaded (essential)): StaticMem=0B, VRAM=497.6MB, Objects=8,617, Resources=686, Nodes=1,594, CachedAssets=10
[INFO] Unloading 3 missed cache assets
[INFO] Command line: --log
[INFO] Preloading 'Common' assets... count=691 vfx=86
[INFO] [Startup] Resource stats (main menu loaded (complete)): StaticMem=0B, VRAM=653.4MB, Objects=8,487, Resources=671, Nodes=1,592, CachedAssets=5
[INFO] Preloading 'Common' Complete: assets=777 time_elapsed=2,765ms
[INFO] Continuing run with character: CHARACTER.TH_SAKUYA-SAKUYA_CHARACTER
[INFO] Preloading 'characters=TH_SAKUYA-SAKUYA_CHARACTER' assets... count=10 vfx=5
ERROR: Cannot open file 'res://ArtWorks/Character/sakuyarest.tscn'.
   at: load (scene/resources/resource_format_text.cpp:1401)
ERROR: Failed loading resource: res://ArtWorks/Character/sakuyarest.tscn.
   at: _load (core/io/resource_loader.cpp:343)
[ERROR] Failed loading asset: res://ArtWorks/Character/sakuyarest.tscn
   at MegaCrit.Sts2.Core.Nodes.NAssetLoader._Process(Double delta)
   at Godot.Node.InvokeGodotClassMethod(godot_string_name& method, NativeVariantPtrArgs args, godot_variant& ret)
   at MegaCrit.Sts2.Core.Nodes.NAssetLoader.InvokeGodotClassMethod(godot_string_name& method, NativeVariantPtrArgs args, godot_variant& ret)
   at Godot.Bridge.CSharpInstanceBridge.Call(IntPtr godotObjectGCHandle, godot_string_name* method, godot_variant** args, Int32 argCount, godot_variant_call_error* refCallError, godot_variant* ret)

[INFO] Preloading 'characters=TH_SAKUYA-SAKUYA_CHARACTER' Complete: assets=14 time_elapsed=292ms
[INFO] Preloading 'Act=OVERGROWTH' assets... count=9 vfx=0
[ERROR] Failed loading asset: res://ArtWorks/Character/sakuyarest.tscn
   at MegaCrit.Sts2.Core.Nodes.NAssetLoader._Process(Double delta)
   at Godot.Node.InvokeGodotClassMethod(godot_string_name& method, NativeVariantPtrArgs args, godot_variant& ret)
   at MegaCrit.Sts2.Core.Nodes.NAssetLoader.InvokeGodotClassMethod(godot_string_name& method, NativeVariantPtrArgs args, godot_variant& ret)
   at Godot.Bridge.CSharpInstanceBridge.Call(IntPtr godotObjectGCHandle, godot_string_name* method, godot_variant** args, Int32 argCount, godot_variant_call_error* refCallError, godot_variant* ret)

[INFO] Preloading 'Act=OVERGROWTH' Complete: assets=8 time_elapsed=15ms
[INFO] Preloading 'Combat Room' assets... count=10 vfx=0
[ERROR] Failed loading asset: res://ArtWorks/Character/sakuyarest.tscn
   at MegaCrit.Sts2.Core.Nodes.NAssetLoader._Process(Double delta)
   at Godot.Node.InvokeGodotClassMethod(godot_string_name& method, NativeVariantPtrArgs args, godot_variant& ret)
   at MegaCrit.Sts2.Core.Nodes.NAssetLoader.InvokeGodotClassMethod(godot_string_name& method, NativeVariantPtrArgs args, godot_variant& ret)
   at Godot.Bridge.CSharpInstanceBridge.Call(IntPtr godotObjectGCHandle, godot_string_name* method, godot_variant** args, Int32 argCount, godot_variant_call_error* refCallError, godot_variant* ret)

[INFO] Preloading 'Combat Room' Complete: assets=9 time_elapsed=80ms
[INFO] Creating NCombatRoom with mode=ActiveCombat encounter=FUZZY_WURM_CRAWLER_WEAK.
[INFO] [BaseLib] Creating NCreatureVisuals from scene res://TH_Sakuya/ArtWorks/Character/sakuya.tscn
[INFO] [BaseLib] Creating NEnergyCounter from scene res://TH_Sakuya/ArtWorks/Character/sakuya_energy_counter.tscn
ERROR: Cannot instantiate C# script because the associated class could not be found. Script: 'res://TH_Sakuya/ArtWorks/VFX/NSakuyaEnergyCounter.cs'. Make sure the script exists and contains a class definition with a name that matches the filename of the script exactly (it's case-sensitive).
   at: can_instantiate (modules/mono/csharp_script.cpp:2360)
   C# backtrace (most recent call first):
       [0] Godot.GodotObject Godot.NativeCalls.godot_icall_1_329(nint, nint, int)
       [1] Godot.Node Godot.PackedScene.Instantiate(Godot.PackedScene+GenEditState)
       [2] T BaseLib.Utils.NodeFactories.NodeFactory`1.CreateFromScene(Godot.PackedScene)
       [3] T BaseLib.Utils.NodeFactories.NodeFactory`1.CreateFromScene(string)
       [4] bool BaseLib.Abstracts.EnergyCounterPatch.Prefix(MegaCrit.Sts2.Core.Entities.Players.Player, MegaCrit.Sts2.Core.Nodes.Combat.NEnergyCounter&)
       [5] MegaCrit.Sts2.Core.Nodes.Combat.NEnergyCounter <unknown>.MegaCrit.Sts2.Core.Nodes.Combat.NEnergyCounter.Create_Patch1(MegaCrit.Sts2.Core.Entities.Players.Player)
       [6] void <unknown>.MegaCrit.Sts2.Core.Nodes.Combat.NCombatUi.Activate_Patch1(MegaCrit.Sts2.Core.Nodes.Combat.NCombatUi, MegaCrit.Sts2.Core.Combat.CombatState)
       [7] void MegaCrit.Sts2.Core.Nodes.Rooms.NCombatRoom.OnCombatSetUp(MegaCrit.Sts2.Core.Combat.CombatState)
       [8] void MegaCrit.Sts2.Core.Combat.CombatManager.SetUpCombat(MegaCrit.Sts2.Core.Combat.CombatState)
       [9] void MegaCrit.Sts2.Core.Rooms.CombatRoom+<StartCombat>d__46.MoveNext()
       [10] void System.Runtime.CompilerServices.AsyncTaskMethodBuilder`1+AsyncStateMachineBox`1.ExecutionContextCallback(object)
       [11] void System.Threading.ExecutionContext.RunInternal(System.Threading.ExecutionContext, System.Threading.ContextCallback, object)
       [12] void System.Runtime.CompilerServices.AsyncTaskMethodBuilder`1+AsyncStateMachineBox`1.MoveNext(System.Threading.Thread)
       [13] void System.Runtime.CompilerServices.AsyncTaskMethodBuilder`1+AsyncStateMachineBox`1.MoveNext()
       [14] void System.Threading.Tasks.AwaitTaskContinuation.RunCallback(System.Threading.ContextCallback, object, System.Threading.Tasks.Task&)
       [15] void System.Threading.Tasks.Task.RunContinuations(object)
       [16] void System.Runtime.CompilerServices.AsyncTaskMethodBuilder`1.SetExistingTaskResult(System.Threading.Tasks.Task`1[TResult], TResult)
       [17] void System.Runtime.CompilerServices.AsyncTaskMethodBuilder.SetResult()
       [18] void MegaCrit.Sts2.Core.Assets.PreloadManager+<LoadRoomCombatAssets>d__14.MoveNext()
       [19] void System.Runtime.CompilerServices.AsyncTaskMethodBuilder`1+AsyncStateMachineBox`1.ExecutionContextCallback(object)
       [20] void System.Threading.ExecutionContext.RunInternal(System.Threading.ExecutionContext, System.Threading.ContextCallback, object)
       [21] void System.Runtime.CompilerServices.AsyncTaskMethodBuilder`1+AsyncStateMachineBox`1.MoveNext(System.Threading.Thread)
       [22] void System.Runtime.CompilerServices.AsyncTaskMethodBuilder`1+AsyncStateMachineBox`1.MoveNext()
       [23] void System.Threading.Tasks.AwaitTaskContinuation.RunCallback(System.Threading.ContextCallback, object, System.Threading.Tasks.Task&)
       [24] void System.Threading.Tasks.Task.RunContinuations(object)
       [25] void System.Runtime.CompilerServices.AsyncTaskMethodBuilder`1.SetExistingTaskResult(System.Threading.Tasks.Task`1[TResult], TResult)
       [26] void System.Runtime.CompilerServices.AsyncTaskMethodBuilder.SetResult()
       [27] void MegaCrit.Sts2.Core.Assets.PreloadManager+<LoadRoomAssets>d__18.MoveNext()
       [28] void System.Runtime.CompilerServices.AsyncTaskMethodBuilder`1+AsyncStateMachineBox`1.ExecutionContextCallback(object)
       [29] void System.Threading.ExecutionContext.RunInternal(System.Threading.ExecutionContext, System.Threading.ContextCallback, object)
       [30] void System.Runtime.CompilerServices.AsyncTaskMethodBuilder`1+AsyncStateMachineBox`1.MoveNext(System.Threading.Thread)
       [31] void System.Runtime.CompilerServices.AsyncTaskMethodBuilder`1+AsyncStateMachineBox`1.MoveNext()
       [32] void System.Threading.Tasks.AwaitTaskContinuation.RunCallback(System.Threading.ContextCallback, object, System.Threading.Tasks.Task&)
       [33] void System.Threading.Tasks.Task.RunContinuations(object)
       [34] bool System.Threading.Tasks.Task`1.TrySetResult(TResult)
       [35] void MegaCrit.Sts2.Core.Assets.AssetLoadingSession.Process()
       [36] void MegaCrit.Sts2.Core.Nodes.NAssetLoader._Process(double)
       [37] bool Godot.Node.InvokeGodotClassMethod(Godot.NativeInterop.godot_string_name&, Godot.NativeInterop.NativeVariantPtrArgs, Godot.NativeInterop.godot_variant&)
       [38] bool MegaCrit.Sts2.Core.Nodes.NAssetLoader.InvokeGodotClassMethod(Godot.NativeInterop.godot_string_name&, Godot.NativeInterop.NativeVariantPtrArgs, Godot.NativeInterop.godot_variant&)
       [39] Godot.NativeInterop.godot_bool Godot.Bridge.CSharpInstanceBridge.Call(nint, Godot.NativeInterop.godot_string_name*, Godot.NativeInterop.godot_variant**, int, Godot.NativeInterop.godot_variant_call_error*, Godot.NativeInterop.godot_variant*)
WARNING: Setting node name 'RotationLayers' to be unique within scene for 'RotationLayers', but it's already claimed by 'Layers/RotationLayers'.
'Layers/RotationLayers' is no longer set as having a unique name.
   at: _acquire_unique_name_in_owner (scene/main/node.cpp:2184)
   C# backtrace (most recent call first):
       [0] void Godot.Node.SetOwner(Godot.Node)
       [1] void Godot.Node.set_Owner(Godot.Node)
       [2] void BaseLib.Extensions.NodeExtensions.AddUnique(Godot.Node, Godot.Node, string)
       [3] void BaseLib.Utils.NodeFactories.NEnergyCounterFactory.GenerateNode(Godot.Node, BaseLib.Utils.NodeFactories.NodeFactory+INodeInfo)
       [4] void BaseLib.Utils.NodeFactories.NodeFactory`1.TransferAndCreateNodes(T, Godot.Node)
       [5] void BaseLib.Utils.NodeFactories.NEnergyCounterFactory.ConvertScene(MegaCrit.Sts2.Core.Nodes.Combat.NEnergyCounter, Godot.Node)
       [6] T BaseLib.Utils.NodeFactories.NodeFactory`1.CreateFromScene(Godot.PackedScene)
       [7] T BaseLib.Utils.NodeFactories.NodeFactory`1.CreateFromScene(string)
       [8] bool BaseLib.Abstracts.EnergyCounterPatch.Prefix(MegaCrit.Sts2.Core.Entities.Players.Player, MegaCrit.Sts2.Core.Nodes.Combat.NEnergyCounter&)
       [9] MegaCrit.Sts2.Core.Nodes.Combat.NEnergyCounter <unknown>.MegaCrit.Sts2.Core.Nodes.Combat.NEnergyCounter.Create_Patch1(MegaCrit.Sts2.Core.Entities.Players.Player)
       [10] void <unknown>.MegaCrit.Sts2.Core.Nodes.Combat.NCombatUi.Activate_Patch1(MegaCrit.Sts2.Core.Nodes.Combat.NCombatUi, MegaCrit.Sts2.Core.Combat.CombatState)
       [11] void MegaCrit.Sts2.Core.Nodes.Rooms.NCombatRoom.OnCombatSetUp(MegaCrit.Sts2.Core.Combat.CombatState)
       [12] void MegaCrit.Sts2.Core.Combat.CombatManager.SetUpCombat(MegaCrit.Sts2.Core.Combat.CombatState)
       [13] void MegaCrit.Sts2.Core.Rooms.CombatRoom+<StartCombat>d__46.MoveNext()
       [14] void System.Runtime.CompilerServices.AsyncTaskMethodBuilder`1+AsyncStateMachineBox`1.ExecutionContextCallback(object)
       [15] void System.Threading.ExecutionContext.RunInternal(System.Threading.ExecutionContext, System.Threading.ContextCallback, object)
       [16] void System.Runtime.CompilerServices.AsyncTaskMethodBuilder`1+AsyncStateMachineBox`1.MoveNext(System.Threading.Thread)
       [17] void System.Runtime.CompilerServices.AsyncTaskMethodBuilder`1+AsyncStateMachineBox`1.MoveNext()
       [18] void System.Threading.Tasks.AwaitTaskContinuation.RunCallback(System.Threading.ContextCallback, object, System.Threading.Tasks.Task&)
       [19] void System.Threading.Tasks.Task.RunContinuations(object)
       [20] void System.Runtime.CompilerServices.AsyncTaskMethodBuilder`1.SetExistingTaskResult(System.Threading.Tasks.Task`1[TResult], TResult)
       [21] void System.Runtime.CompilerServices.AsyncTaskMethodBuilder.SetResult()
       [22] void MegaCrit.Sts2.Core.Assets.PreloadManager+<LoadRoomCombatAssets>d__14.MoveNext()
       [23] void System.Runtime.CompilerServices.AsyncTaskMethodBuilder`1+AsyncStateMachineBox`1.ExecutionContextCallback(object)
       [24] void System.Threading.ExecutionContext.RunInternal(System.Threading.ExecutionContext, System.Threading.ContextCallback, object)
       [25] void System.Runtime.CompilerServices.AsyncTaskMethodBuilder`1+AsyncStateMachineBox`1.MoveNext(System.Threading.Thread)
       [26] void System.Runtime.CompilerServices.AsyncTaskMethodBuilder`1+AsyncStateMachineBox`1.MoveNext()
       [27] void System.Threading.Tasks.AwaitTaskContinuation.RunCallback(System.Threading.ContextCallback, object, System.Threading.Tasks.Task&)
       [28] void System.Threading.Tasks.Task.RunContinuations(object)
       [29] void System.Runtime.CompilerServices.AsyncTaskMethodBuilder`1.SetExistingTaskResult(System.Threading.Tasks.Task`1[TResult], TResult)
       [30] void System.Runtime.CompilerServices.AsyncTaskMethodBuilder.SetResult()
       [31] void MegaCrit.Sts2.Core.Assets.PreloadManager+<LoadRoomAssets>d__18.MoveNext()
       [32] void System.Runtime.CompilerServices.AsyncTaskMethodBuilder`1+AsyncStateMachineBox`1.ExecutionContextCallback(object)
       [33] void System.Threading.ExecutionContext.RunInternal(System.Threading.ExecutionContext, System.Threading.ContextCallback, object)
       [34] void System.Runtime.CompilerServices.AsyncTaskMethodBuilder`1+AsyncStateMachineBox`1.MoveNext(System.Threading.Thread)
       [35] void System.Runtime.CompilerServices.AsyncTaskMethodBuilder`1+AsyncStateMachineBox`1.MoveNext()
       [36] void System.Threading.Tasks.AwaitTaskContinuation.RunCallback(System.Threading.ContextCallback, object, System.Threading.Tasks.Task&)
       [37] void System.Threading.Tasks.Task.RunContinuations(object)
       [38] bool System.Threading.Tasks.Task`1.TrySetResult(TResult)
       [39] void MegaCrit.Sts2.Core.Assets.AssetLoadingSession.Process()
       [40] void MegaCrit.Sts2.Core.Nodes.NAssetLoader._Process(double)
       [41] bool Godot.Node.InvokeGodotClassMethod(Godot.NativeInterop.godot_string_name&, Godot.NativeInterop.NativeVariantPtrArgs, Godot.NativeInterop.godot_variant&)
       [42] bool MegaCrit.Sts2.Core.Nodes.NAssetLoader.InvokeGodotClassMethod(Godot.NativeInterop.godot_string_name&, Godot.NativeInterop.NativeVariantPtrArgs, Godot.NativeInterop.godot_variant&)
       [43] Godot.NativeInterop.godot_bool Godot.Bridge.CSharpInstanceBridge.Call(nint, Godot.NativeInterop.godot_string_name*, Godot.NativeInterop.godot_variant**, int, Godot.NativeInterop.godot_variant_call_error*, Godot.NativeInterop.godot_variant*)
ERROR: No loader found for resource: res://ArtWorks/Cards/TH_SAKUYA-STRIKE.png (expected type: unknown)
   at: _load (core/io/resource_loader.cpp:358)
   C# backtrace (most recent call first):
       [0] void <unknown>.MegaCrit.Sts2.Core.Nodes.Cards.NCard.Reload_Patch1(MegaCrit.Sts2.Core.Nodes.Cards.NCard)
       [1] void MegaCrit.Sts2.Core.Nodes.Cards.NCard._Ready()
       [2] bool Godot.Node.InvokeGodotClassMethod(Godot.NativeInterop.godot_string_name&, Godot.NativeInterop.NativeVariantPtrArgs, Godot.NativeInterop.godot_variant&)
       [3] bool Godot.Control.InvokeGodotClassMethod(Godot.NativeInterop.godot_string_name&, Godot.NativeInterop.NativeVariantPtrArgs, Godot.NativeInterop.godot_variant&)
       [4] bool MegaCrit.Sts2.Core.Nodes.Cards.NCard.InvokeGodotClassMethod(Godot.NativeInterop.godot_string_name&, Godot.NativeInterop.NativeVariantPtrArgs, Godot.NativeInterop.godot_variant&)
       [5] Godot.NativeInterop.godot_bool Godot.Bridge.CSharpInstanceBridge.Call(nint, Godot.NativeInterop.godot_string_name*, Godot.NativeInterop.godot_variant**, int, Godot.NativeInterop.godot_variant_call_error*, Godot.NativeInterop.godot_variant*)
       [6] void Godot.NativeCalls.godot_icall_3_864(nint, nint, nint, Godot.NativeInterop.godot_bool, int)
       [7] void MegaCrit.Sts2.Core.Helpers.GodotTreeExtensions.AddChildSafely(Godot.Node, Godot.Node)
       [8] MegaCrit.Sts2.Core.Nodes.Cards.NCard MegaCrit.Sts2.Core.Commands.CardPileCmd.CreateCardNodeAndUpdateVisuals(MegaCrit.Sts2.Core.Models.CardModel, MegaCrit.Sts2.Core.Entities.Cards.PileType, bool)
       [9] void <unknown>.MegaCrit.Sts2.Core.Commands.CardPileCmd+<Add>d__9.MoveNext_Patch1(MegaCrit.Sts2.Core.Commands.CardPileCmd+<Add>d__9&)
       [10] void System.Runtime.CompilerServices.AsyncMethodBuilderCore.Start<TStateMachine>(TStateMachine&)
       [11] System.Threading.Tasks.Task`1[System.Collections.Generic.IReadOnlyList`1[MegaCrit.Sts2.Core.Entities.Cards.CardPileAddResult]] <unknown>.MegaCrit.Sts2.Core.Commands.CardPileCmd.Add_Patch2(System.Collections.Generic.IEnumerable`1[MegaCrit.Sts2.Core.Models.CardModel], MegaCrit.Sts2.Core.Entities.Cards.CardPile, MegaCrit.Sts2.Core.Entities.Cards.CardPilePosition, MegaCrit.Sts2.Core.Models.AbstractModel, bool)
       [12] void MegaCrit.Sts2.Core.Commands.CardPileCmd+<Add>d__7.MoveNext()
       [13] void System.Runtime.CompilerServices.AsyncMethodBuilderCore.Start<TStateMachine>(TStateMachine&)
       [14] void System.Runtime.CompilerServices.AsyncTaskMethodBuilder`1.Start<TStateMachine>(TStateMachine&)
       [15] System.Threading.Tasks.Task`1[MegaCrit.Sts2.Core.Entities.Cards.CardPileAddResult] MegaCrit.Sts2.Core.Commands.CardPileCmd.Add(MegaCrit.Sts2.Core.Models.CardModel, MegaCrit.Sts2.Core.Entities.Cards.CardPile, MegaCrit.Sts2.Core.Entities.Cards.CardPilePosition, MegaCrit.Sts2.Core.Models.AbstractModel, bool)
       [16] void MegaCrit.Sts2.Core.Commands.CardPileCmd+<Draw>d__16.MoveNext()
       [17] void System.Runtime.CompilerServices.AsyncMethodBuilderCore.Start<TStateMachine>(TStateMachine&)
       [18] System.Threading.Tasks.Task`1[System.Collections.Generic.IEnumerable`1[MegaCrit.Sts2.Core.Models.CardModel]] <unknown>.MegaCrit.Sts2.Core.Commands.CardPileCmd.Draw_Patch1(MegaCrit.Sts2.Core.GameActions.Multiplayer.PlayerChoiceContext, decimal, MegaCrit.Sts2.Core.Entities.Players.Player, bool)
       [19] void MegaCrit.Sts2.Core.Combat.CombatManager+<SetupPlayerTurn>d__93.MoveNext()
       [20] void System.Runtime.CompilerServices.AsyncMethodBuilderCore.Start<TStateMachine>(TStateMachine&)
       [21] void System.Runtime.CompilerServices.AsyncTaskMethodBuilder.Start<TStateMachine>(TStateMachine&)
       [22] System.Threading.Tasks.Task MegaCrit.Sts2.Core.Combat.CombatManager.SetupPlayerTurn(MegaCrit.Sts2.Core.Entities.Players.Player, MegaCrit.Sts2.Core.GameActions.Multiplayer.HookPlayerChoiceContext)
       [23] void MegaCrit.Sts2.Core.Combat.CombatManager+<StartTurn>d__92.MoveNext()
       [24] void System.Runtime.CompilerServices.AsyncTaskMethodBuilder`1+AsyncStateMachineBox`1.ExecutionContextCallback(object)
       [25] void System.Threading.ExecutionContext.RunInternal(System.Threading.ExecutionContext, System.Threading.ContextCallback, object)
       [26] void System.Runtime.CompilerServices.AsyncTaskMethodBuilder`1+AsyncStateMachineBox`1.MoveNext(System.Threading.Thread)
       [27] void System.Runtime.CompilerServices.AsyncTaskMethodBuilder`1+AsyncStateMachineBox`1.MoveNext()
       [28] void System.Threading.Tasks.AwaitTaskContinuation.RunCallback(System.Threading.ContextCallback, object, System.Threading.Tasks.Task&)
       [29] void System.Threading.Tasks.Task.RunContinuations(object)
       [30] void System.Runtime.CompilerServices.AsyncTaskMethodBuilder.SetResult()
       [31] void MegaCrit.Sts2.Core.Commands.Cmd+<CustomScaledWait>d__3.MoveNext()
       [32] void System.Runtime.CompilerServices.AsyncTaskMethodBuilder`1+AsyncStateMachineBox`1.ExecutionContextCallback(object)
       [33] void System.Threading.ExecutionContext.RunInternal(System.Threading.ExecutionContext, System.Threading.ContextCallback, object)
       [34] void System.Runtime.CompilerServices.AsyncTaskMethodBuilder`1+AsyncStateMachineBox`1.MoveNext(System.Threading.Thread)
       [35] void System.Runtime.CompilerServices.AsyncTaskMethodBuilder`1+AsyncStateMachineBox`1.MoveNext()
       [36] void System.Threading.Tasks.AwaitTaskContinuation.RunCallback(System.Threading.ContextCallback, object, System.Threading.Tasks.Task&)
       [37] void System.Threading.Tasks.Task.RunContinuations(object)
       [38] void System.Runtime.CompilerServices.AsyncTaskMethodBuilder.SetResult()
       [39] void MegaCrit.Sts2.Core.Commands.Cmd+<Wait>d__1.MoveNext()
       [40] void System.Runtime.CompilerServices.AsyncTaskMethodBuilder`1+AsyncStateMachineBox`1.ExecutionContextCallback(object)
       [41] void System.Threading.ExecutionContext.RunInternal(System.Threading.ExecutionContext, System.Threading.ContextCallback, object)
       [42] void System.Runtime.CompilerServices.AsyncTaskMethodBuilder`1+AsyncStateMachineBox`1.MoveNext(System.Threading.Thread)
       [43] void System.Runtime.CompilerServices.AsyncTaskMethodBuilder`1+AsyncStateMachineBox`1.MoveNext()
       [44] void System.Threading.Tasks.AwaitTaskContinuation.RunCallback(System.Threading.ContextCallback, object, System.Threading.Tasks.Task&)
       [45] void System.Threading.Tasks.Task.RunContinuations(object)
       [46] bool System.Threading.Tasks.Task.TrySetResult()
       [47] bool System.Threading.Tasks.TaskCompletionSource.TrySetResult()
       [48] void MegaCrit.Sts2.Core.Commands.Cmd+<>c__DisplayClass2_0.<WaitInternal>g__Receive|0()
       [49] void Godot.Callable.<From>g__Trampoline|1_0(object, Godot.NativeInterop.NativeVariantPtrArgs, Godot.NativeInterop.godot_variant&)
       [50] void Godot.DelegateUtils.InvokeWithVariantArgs(nint, System.Void*, Godot.NativeInterop.godot_variant**, int, Godot.NativeInterop.godot_variant*)
ERROR: Error loading resource: 'res://ArtWorks/Cards/TH_SAKUYA-STRIKE.png'.
   at: load (core/core_bind.cpp:74)
   C# backtrace (most recent call first):
       [0] void <unknown>.MegaCrit.Sts2.Core.Nodes.Cards.NCard.Reload_Patch1(MegaCrit.Sts2.Core.Nodes.Cards.NCard)
       [1] void MegaCrit.Sts2.Core.Nodes.Cards.NCard._Ready()
       [2] bool Godot.Node.InvokeGodotClassMethod(Godot.NativeInterop.godot_string_name&, Godot.NativeInterop.NativeVariantPtrArgs, Godot.NativeInterop.godot_variant&)
       [3] bool Godot.Control.InvokeGodotClassMethod(Godot.NativeInterop.godot_string_name&, Godot.NativeInterop.NativeVariantPtrArgs, Godot.NativeInterop.godot_variant&)
       [4] bool MegaCrit.Sts2.Core.Nodes.Cards.NCard.InvokeGodotClassMethod(Godot.NativeInterop.godot_string_name&, Godot.NativeInterop.NativeVariantPtrArgs, Godot.NativeInterop.godot_variant&)
       [5] Godot.NativeInterop.godot_bool Godot.Bridge.CSharpInstanceBridge.Call(nint, Godot.NativeInterop.godot_string_name*, Godot.NativeInterop.godot_variant**, int, Godot.NativeInterop.godot_variant_call_error*, Godot.NativeInterop.godot_variant*)
       [6] void Godot.NativeCalls.godot_icall_3_864(nint, nint, nint, Godot.NativeInterop.godot_bool, int)
       [7] void MegaCrit.Sts2.Core.Helpers.GodotTreeExtensions.AddChildSafely(Godot.Node, Godot.Node)
       [8] MegaCrit.Sts2.Core.Nodes.Cards.NCard MegaCrit.Sts2.Core.Commands.CardPileCmd.CreateCardNodeAndUpdateVisuals(MegaCrit.Sts2.Core.Models.CardModel, MegaCrit.Sts2.Core.Entities.Cards.PileType, bool)
       [9] void <unknown>.MegaCrit.Sts2.Core.Commands.CardPileCmd+<Add>d__9.MoveNext_Patch1(MegaCrit.Sts2.Core.Commands.CardPileCmd+<Add>d__9&)
       [10] void System.Runtime.CompilerServices.AsyncMethodBuilderCore.Start<TStateMachine>(TStateMachine&)
       [11] System.Threading.Tasks.Task`1[System.Collections.Generic.IReadOnlyList`1[MegaCrit.Sts2.Core.Entities.Cards.CardPileAddResult]] <unknown>.MegaCrit.Sts2.Core.Commands.CardPileCmd.Add_Patch2(System.Collections.Generic.IEnumerable`1[MegaCrit.Sts2.Core.Models.CardModel], MegaCrit.Sts2.Core.Entities.Cards.CardPile, MegaCrit.Sts2.Core.Entities.Cards.CardPilePosition, MegaCrit.Sts2.Core.Models.AbstractModel, bool)
       [12] void MegaCrit.Sts2.Core.Commands.CardPileCmd+<Add>d__7.MoveNext()
       [13] void System.Runtime.CompilerServices.AsyncMethodBuilderCore.Start<TStateMachine>(TStateMachine&)
       [14] void System.Runtime.CompilerServices.AsyncTaskMethodBuilder`1.Start<TStateMachine>(TStateMachine&)
       [15] System.Threading.Tasks.Task`1[MegaCrit.Sts2.Core.Entities.Cards.CardPileAddResult] MegaCrit.Sts2.Core.Commands.CardPileCmd.Add(MegaCrit.Sts2.Core.Models.CardModel, MegaCrit.Sts2.Core.Entities.Cards.CardPile, MegaCrit.Sts2.Core.Entities.Cards.CardPilePosition, MegaCrit.Sts2.Core.Models.AbstractModel, bool)
       [16] void MegaCrit.Sts2.Core.Commands.CardPileCmd+<Draw>d__16.MoveNext()
       [17] void System.Runtime.CompilerServices.AsyncMethodBuilderCore.Start<TStateMachine>(TStateMachine&)
       [18] System.Threading.Tasks.Task`1[System.Collections.Generic.IEnumerable`1[MegaCrit.Sts2.Core.Models.CardModel]] <unknown>.MegaCrit.Sts2.Core.Commands.CardPileCmd.Draw_Patch1(MegaCrit.Sts2.Core.GameActions.Multiplayer.PlayerChoiceContext, decimal, MegaCrit.Sts2.Core.Entities.Players.Player, bool)
       [19] void MegaCrit.Sts2.Core.Combat.CombatManager+<SetupPlayerTurn>d__93.MoveNext()
       [20] void System.Runtime.CompilerServices.AsyncMethodBuilderCore.Start<TStateMachine>(TStateMachine&)
       [21] void System.Runtime.CompilerServices.AsyncTaskMethodBuilder.Start<TStateMachine>(TStateMachine&)
       [22] System.Threading.Tasks.Task MegaCrit.Sts2.Core.Combat.CombatManager.SetupPlayerTurn(MegaCrit.Sts2.Core.Entities.Players.Player, MegaCrit.Sts2.Core.GameActions.Multiplayer.HookPlayerChoiceContext)
       [23] void MegaCrit.Sts2.Core.Combat.CombatManager+<StartTurn>d__92.MoveNext()
       [24] void System.Runtime.CompilerServices.AsyncTaskMethodBuilder`1+AsyncStateMachineBox`1.ExecutionContextCallback(object)
       [25] void System.Threading.ExecutionContext.RunInternal(System.Threading.ExecutionContext, System.Threading.ContextCallback, object)
       [26] void System.Runtime.CompilerServices.AsyncTaskMethodBuilder`1+AsyncStateMachineBox`1.MoveNext(System.Threading.Thread)
       [27] void System.Runtime.CompilerServices.AsyncTaskMethodBuilder`1+AsyncStateMachineBox`1.MoveNext()
       [28] void System.Threading.Tasks.AwaitTaskContinuation.RunCallback(System.Threading.ContextCallback, object, System.Threading.Tasks.Task&)
       [29] void System.Threading.Tasks.Task.RunContinuations(object)
       [30] void System.Runtime.CompilerServices.AsyncTaskMethodBuilder.SetResult()
       [31] void MegaCrit.Sts2.Core.Commands.Cmd+<CustomScaledWait>d__3.MoveNext()
       [32] void System.Runtime.CompilerServices.AsyncTaskMethodBuilder`1+AsyncStateMachineBox`1.ExecutionContextCallback(object)
       [33] void System.Threading.ExecutionContext.RunInternal(System.Threading.ExecutionContext, System.Threading.ContextCallback, object)
       [34] void System.Runtime.CompilerServices.AsyncTaskMethodBuilder`1+AsyncStateMachineBox`1.MoveNext(System.Threading.Thread)
       [35] void System.Runtime.CompilerServices.AsyncTaskMethodBuilder`1+AsyncStateMachineBox`1.MoveNext()
       [36] void System.Threading.Tasks.AwaitTaskContinuation.RunCallback(System.Threading.ContextCallback, object, System.Threading.Tasks.Task&)
       [37] void System.Threading.Tasks.Task.RunContinuations(object)
       [38] void System.Runtime.CompilerServices.AsyncTaskMethodBuilder.SetResult()
       [39] void MegaCrit.Sts2.Core.Commands.Cmd+<Wait>d__1.MoveNext()
       [40] void System.Runtime.CompilerServices.AsyncTaskMethodBuilder`1+AsyncStateMachineBox`1.ExecutionContextCallback(object)
       [41] void System.Threading.ExecutionContext.RunInternal(System.Threading.ExecutionContext, System.Threading.ContextCallback, object)
       [42] void System.Runtime.CompilerServices.AsyncTaskMethodBuilder`1+AsyncStateMachineBox`1.MoveNext(System.Threading.Thread)
       [43] void System.Runtime.CompilerServices.AsyncTaskMethodBuilder`1+AsyncStateMachineBox`1.MoveNext()
       [44] void System.Threading.Tasks.AwaitTaskContinuation.RunCallback(System.Threading.ContextCallback, object, System.Threading.Tasks.Task&)
       [45] void System.Threading.Tasks.Task.RunContinuations(object)
       [46] bool System.Threading.Tasks.Task.TrySetResult()
       [47] bool System.Threading.Tasks.TaskCompletionSource.TrySetResult()
       [48] void MegaCrit.Sts2.Core.Commands.Cmd+<>c__DisplayClass2_0.<WaitInternal>g__Receive|0()
       [49] void Godot.Callable.<From>g__Trampoline|1_0(object, Godot.NativeInterop.NativeVariantPtrArgs, Godot.NativeInterop.godot_variant&)
       [50] void Godot.DelegateUtils.InvokeWithVariantArgs(nint, System.Void*, Godot.NativeInterop.godot_variant**, int, Godot.NativeInterop.godot_variant*)
ERROR: No loader found for resource: res://ArtWorks/Cards/TH_SAKUYA-STRIKE.png (expected type: unknown)
   at: _load (core/io/resource_loader.cpp:358)
   C# backtrace (most recent call first):
       [0] void <unknown>.MegaCrit.Sts2.Core.Nodes.Cards.NCard.Reload_Patch1(MegaCrit.Sts2.Core.Nodes.Cards.NCard)
       [1] void MegaCrit.Sts2.Core.Nodes.Cards.NCard._Ready()
       [2] bool Godot.Node.InvokeGodotClassMethod(Godot.NativeInterop.godot_string_name&, Godot.NativeInterop.NativeVariantPtrArgs, Godot.NativeInterop.godot_variant&)
       [3] bool Godot.Control.InvokeGodotClassMethod(Godot.NativeInterop.godot_string_name&, Godot.NativeInterop.NativeVariantPtrArgs, Godot.NativeInterop.godot_variant&)
       [4] bool MegaCrit.Sts2.Core.Nodes.Cards.NCard.InvokeGodotClassMethod(Godot.NativeInterop.godot_string_name&, Godot.NativeInterop.NativeVariantPtrArgs, Godot.NativeInterop.godot_variant&)
       [5] Godot.NativeInterop.godot_bool Godot.Bridge.CSharpInstanceBridge.Call(nint, Godot.NativeInterop.godot_string_name*, Godot.NativeInterop.godot_variant**, int, Godot.NativeInterop.godot_variant_call_error*, Godot.NativeInterop.godot_variant*)
       [6] void Godot.NativeCalls.godot_icall_3_864(nint, nint, nint, Godot.NativeInterop.godot_bool, int)
       [7] void MegaCrit.Sts2.Core.Helpers.GodotTreeExtensions.AddChildSafely(Godot.Node, Godot.Node)
       [8] MegaCrit.Sts2.Core.Nodes.Cards.NCard MegaCrit.Sts2.Core.Commands.CardPileCmd.CreateCardNodeAndUpdateVisuals(MegaCrit.Sts2.Core.Models.CardModel, MegaCrit.Sts2.Core.Entities.Cards.PileType, bool)
       [9] void <unknown>.MegaCrit.Sts2.Core.Commands.CardPileCmd+<Add>d__9.MoveNext_Patch1(MegaCrit.Sts2.Core.Commands.CardPileCmd+<Add>d__9&)
       [10] void System.Runtime.CompilerServices.AsyncMethodBuilderCore.Start<TStateMachine>(TStateMachine&)
       [11] System.Threading.Tasks.Task`1[System.Collections.Generic.IReadOnlyList`1[MegaCrit.Sts2.Core.Entities.Cards.CardPileAddResult]] <unknown>.MegaCrit.Sts2.Core.Commands.CardPileCmd.Add_Patch2(System.Collections.Generic.IEnumerable`1[MegaCrit.Sts2.Core.Models.CardModel], MegaCrit.Sts2.Core.Entities.Cards.CardPile, MegaCrit.Sts2.Core.Entities.Cards.CardPilePosition, MegaCrit.Sts2.Core.Models.AbstractModel, bool)
       [12] void MegaCrit.Sts2.Core.Commands.CardPileCmd+<Add>d__7.MoveNext()
       [13] void System.Runtime.CompilerServices.AsyncMethodBuilderCore.Start<TStateMachine>(TStateMachine&)
       [14] void System.Runtime.CompilerServices.AsyncTaskMethodBuilder`1.Start<TStateMachine>(TStateMachine&)
       [15] System.Threading.Tasks.Task`1[MegaCrit.Sts2.Core.Entities.Cards.CardPileAddResult] MegaCrit.Sts2.Core.Commands.CardPileCmd.Add(MegaCrit.Sts2.Core.Models.CardModel, MegaCrit.Sts2.Core.Entities.Cards.CardPile, MegaCrit.Sts2.Core.Entities.Cards.CardPilePosition, MegaCrit.Sts2.Core.Models.AbstractModel, bool)
       [16] void MegaCrit.Sts2.Core.Commands.CardPileCmd+<Draw>d__16.MoveNext()
       [17] void System.Runtime.CompilerServices.AsyncTaskMethodBuilder`1+AsyncStateMachineBox`1.ExecutionContextCallback(object)
       [18] void System.Threading.ExecutionContext.RunInternal(System.Threading.ExecutionContext, System.Threading.ContextCallback, object)
       [19] void System.Runtime.CompilerServices.AsyncTaskMethodBuilder`1+AsyncStateMachineBox`1.MoveNext(System.Threading.Thread)
       [20] void System.Runtime.CompilerServices.AsyncTaskMethodBuilder`1+AsyncStateMachineBox`1.MoveNext()
       [21] void System.Threading.Tasks.AwaitTaskContinuation.RunCallback(System.Threading.ContextCallback, object, System.Threading.Tasks.Task&)
       [22] void System.Threading.Tasks.Task.RunContinuations(object)
       [23] bool System.Threading.Tasks.Task`1.TrySetResult(TResult)
       [24] void System.Runtime.CompilerServices.AsyncTaskMethodBuilder`1.SetExistingTaskResult(System.Threading.Tasks.Task`1[TResult], TResult)
       [25] void System.Runtime.CompilerServices.AsyncTaskMethodBuilder`1.SetResult(TResult)
       [26] void MegaCrit.Sts2.Core.Commands.CardPileCmd+<Add>d__7.MoveNext()
       [27] void System.Runtime.CompilerServices.AsyncTaskMethodBuilder`1+AsyncStateMachineBox`1.ExecutionContextCallback(object)
       [28] void System.Threading.ExecutionContext.RunInternal(System.Threading.ExecutionContext, System.Threading.ContextCallback, object)
       [29] void System.Runtime.CompilerServices.AsyncTaskMethodBuilder`1+AsyncStateMachineBox`1.MoveNext(System.Threading.Thread)
       [30] void System.Runtime.CompilerServices.AsyncTaskMethodBuilder`1+AsyncStateMachineBox`1.MoveNext()
       [31] void System.Threading.Tasks.AwaitTaskContinuation.RunCallback(System.Threading.ContextCallback, object, System.Threading.Tasks.Task&)
       [32] void System.Threading.Tasks.Task.RunContinuations(object)
       [33] bool System.Threading.Tasks.Task`1.TrySetResult(TResult)
       [34] void System.Runtime.CompilerServices.AsyncTaskMethodBuilder`1.SetExistingTaskResult(System.Threading.Tasks.Task`1[TResult], TResult)
       [35] void SilkSong.Scrpits.Patches.ShellSatchelPatch_AddToHandCapacity+<PostProcessHandAdds>d__2.MoveNext()
       [36] void System.Runtime.CompilerServices.AsyncTaskMethodBuilder`1+AsyncStateMachineBox`1.ExecutionContextCallback(object)
       [37] void System.Threading.ExecutionContext.RunInternal(System.Threading.ExecutionContext, System.Threading.ContextCallback, object)
       [38] void System.Runtime.CompilerServices.AsyncTaskMethodBuilder`1+AsyncStateMachineBox`1.MoveNext(System.Threading.Thread)
       [39] void System.Threading.Tasks.AwaitTaskContinuation.RunCallback(System.Threading.ContextCallback, object, System.Threading.Tasks.Task&)
       [40] void System.Threading.Tasks.Task.RunContinuations(object)
       [41] bool System.Threading.Tasks.Task`1.TrySetResult(TResult)
       [42] void System.Runtime.CompilerServices.AsyncTaskMethodBuilder`1.SetExistingTaskResult(System.Threading.Tasks.Task`1[TResult], TResult)
       [43] void <unknown>.MegaCrit.Sts2.Core.Commands.CardPileCmd+<Add>d__9.MoveNext_Patch1(MegaCrit.Sts2.Core.Commands.CardPileCmd+<Add>d__9&)
       [44] void System.Runtime.CompilerServices.AsyncTaskMethodBuilder`1+AsyncStateMachineBox`1.ExecutionContextCallback(object)
       [45] void System.Threading.ExecutionContext.RunInternal(System.Threading.ExecutionContext, System.Threading.ContextCallback, object)
       [46] void System.Runtime.CompilerServices.AsyncTaskMethodBuilder`1+AsyncStateMachineBox`1.MoveNext(System.Threading.Thread)
       [47] void System.Runtime.CompilerServices.AsyncTaskMethodBuilder`1+AsyncStateMachineBox`1.MoveNext()
       [48] void Godot.SignalAwaiter.SignalCallback(nint, Godot.NativeInterop.godot_variant**, int, Godot.NativeInterop.godot_bool*)
ERROR: Error loading resource: 'res://ArtWorks/Cards/TH_SAKUYA-STRIKE.png'.
   at: load (core/core_bind.cpp:74)
   C# backtrace (most recent call first):
       [0] void <unknown>.MegaCrit.Sts2.Core.Nodes.Cards.NCard.Reload_Patch1(MegaCrit.Sts2.Core.Nodes.Cards.NCard)
       [1] void MegaCrit.Sts2.Core.Nodes.Cards.NCard._Ready()
       [2] bool Godot.Node.InvokeGodotClassMethod(Godot.NativeInterop.godot_string_name&, Godot.NativeInterop.NativeVariantPtrArgs, Godot.NativeInterop.godot_variant&)
       [3] bool Godot.Control.InvokeGodotClassMethod(Godot.NativeInterop.godot_string_name&, Godot.NativeInterop.NativeVariantPtrArgs, Godot.NativeInterop.godot_variant&)
       [4] bool MegaCrit.Sts2.Core.Nodes.Cards.NCard.InvokeGodotClassMethod(Godot.NativeInterop.godot_string_name&, Godot.NativeInterop.NativeVariantPtrArgs, Godot.NativeInterop.godot_variant&)
       [5] Godot.NativeInterop.godot_bool Godot.Bridge.CSharpInstanceBridge.Call(nint, Godot.NativeInterop.godot_string_name*, Godot.NativeInterop.godot_variant**, int, Godot.NativeInterop.godot_variant_call_error*, Godot.NativeInterop.godot_variant*)
       [6] void Godot.NativeCalls.godot_icall_3_864(nint, nint, nint, Godot.NativeInterop.godot_bool, int)
       [7] void MegaCrit.Sts2.Core.Helpers.GodotTreeExtensions.AddChildSafely(Godot.Node, Godot.Node)
       [8] MegaCrit.Sts2.Core.Nodes.Cards.NCard MegaCrit.Sts2.Core.Commands.CardPileCmd.CreateCardNodeAndUpdateVisuals(MegaCrit.Sts2.Core.Models.CardModel, MegaCrit.Sts2.Core.Entities.Cards.PileType, bool)
       [9] void <unknown>.MegaCrit.Sts2.Core.Commands.CardPileCmd+<Add>d__9.MoveNext_Patch1(MegaCrit.Sts2.Core.Commands.CardPileCmd+<Add>d__9&)
       [10] void System.Runtime.CompilerServices.AsyncMethodBuilderCore.Start<TStateMachine>(TStateMachine&)
       [11] System.Threading.Tasks.Task`1[System.Collections.Generic.IReadOnlyList`1[MegaCrit.Sts2.Core.Entities.Cards.CardPileAddResult]] <unknown>.MegaCrit.Sts2.Core.Commands.CardPileCmd.Add_Patch2(System.Collections.Generic.IEnumerable`1[MegaCrit.Sts2.Core.Models.CardModel], MegaCrit.Sts2.Core.Entities.Cards.CardPile, MegaCrit.Sts2.Core.Entities.Cards.CardPilePosition, MegaCrit.Sts2.Core.Models.AbstractModel, bool)
       [12] void MegaCrit.Sts2.Core.Commands.CardPileCmd+<Add>d__7.MoveNext()
       [13] void System.Runtime.CompilerServices.AsyncMethodBuilderCore.Start<TStateMachine>(TStateMachine&)
       [14] void System.Runtime.CompilerServices.AsyncTaskMethodBuilder`1.Start<TStateMachine>(TStateMachine&)
       [15] System.Threading.Tasks.Task`1[MegaCrit.Sts2.Core.Entities.Cards.CardPileAddResult] MegaCrit.Sts2.Core.Commands.CardPileCmd.Add(MegaCrit.Sts2.Core.Models.CardModel, MegaCrit.Sts2.Core.Entities.Cards.CardPile, MegaCrit.Sts2.Core.Entities.Cards.CardPilePosition, MegaCrit.Sts2.Core.Models.AbstractModel, bool)
       [16] void MegaCrit.Sts2.Core.Commands.CardPileCmd+<Draw>d__16.MoveNext()
       [17] void System.Runtime.CompilerServices.AsyncTaskMethodBuilder`1+AsyncStateMachineBox`1.ExecutionContextCallback(object)
       [18] void System.Threading.ExecutionContext.RunInternal(System.Threading.ExecutionContext, System.Threading.ContextCallback, object)
       [19] void System.Runtime.CompilerServices.AsyncTaskMethodBuilder`1+AsyncStateMachineBox`1.MoveNext(System.Threading.Thread)
       [20] void System.Runtime.CompilerServices.AsyncTaskMethodBuilder`1+AsyncStateMachineBox`1.MoveNext()
       [21] void System.Threading.Tasks.AwaitTaskContinuation.RunCallback(System.Threading.ContextCallback, object, System.Threading.Tasks.Task&)
       [22] void System.Threading.Tasks.Task.RunContinuations(object)
       [23] bool System.Threading.Tasks.Task`1.TrySetResult(TResult)
       [24] void System.Runtime.CompilerServices.AsyncTaskMethodBuilder`1.SetExistingTaskResult(System.Threading.Tasks.Task`1[TResult], TResult)
       [25] void System.Runtime.CompilerServices.AsyncTaskMethodBuilder`1.SetResult(TResult)
       [26] void MegaCrit.Sts2.Core.Commands.CardPileCmd+<Add>d__7.MoveNext()
       [27] void System.Runtime.CompilerServices.AsyncTaskMethodBuilder`1+AsyncStateMachineBox`1.ExecutionContextCallback(object)
       [28] void System.Threading.ExecutionContext.RunInternal(System.Threading.ExecutionContext, System.Threading.ContextCallback, object)
       [29] void System.Runtime.CompilerServices.AsyncTaskMethodBuilder`1+AsyncStateMachineBox`1.MoveNext(System.Threading.Thread)
       [30] void System.Runtime.CompilerServices.AsyncTaskMethodBuilder`1+AsyncStateMachineBox`1.MoveNext()
       [31] void System.Threading.Tasks.AwaitTaskContinuation.RunCallback(System.Threading.ContextCallback, object, System.Threading.Tasks.Task&)
       [32] void System.Threading.Tasks.Task.RunContinuations(object)
       [33] bool System.Threading.Tasks.Task`1.TrySetResult(TResult)
       [34] void System.Runtime.CompilerServices.AsyncTaskMethodBuilder`1.SetExistingTaskResult(System.Threading.Tasks.Task`1[TResult], TResult)
       [35] void SilkSong.Scrpits.Patches.ShellSatchelPatch_AddToHandCapacity+<PostProcessHandAdds>d__2.MoveNext()
       [36] void System.Runtime.CompilerServices.AsyncTaskMethodBuilder`1+AsyncStateMachineBox`1.ExecutionContextCallback(object)
       [37] void System.Threading.ExecutionContext.RunInternal(System.Threading.ExecutionContext, System.Threading.ContextCallback, object)
       [38] void System.Runtime.CompilerServices.AsyncTaskMethodBuilder`1+AsyncStateMachineBox`1.MoveNext(System.Threading.Thread)
       [39] void System.Threading.Tasks.AwaitTaskContinuation.RunCallback(System.Threading.ContextCallback, object, System.Threading.Tasks.Task&)
       [40] void System.Threading.Tasks.Task.RunContinuations(object)
       [41] bool System.Threading.Tasks.Task`1.TrySetResult(TResult)
       [42] void System.Runtime.CompilerServices.AsyncTaskMethodBuilder`1.SetExistingTaskResult(System.Threading.Tasks.Task`1[TResult], TResult)
       [43] void <unknown>.MegaCrit.Sts2.Core.Commands.CardPileCmd+<Add>d__9.MoveNext_Patch1(MegaCrit.Sts2.Core.Commands.CardPileCmd+<Add>d__9&)
       [44] void System.Runtime.CompilerServices.AsyncTaskMethodBuilder`1+AsyncStateMachineBox`1.ExecutionContextCallback(object)
       [45] void System.Threading.ExecutionContext.RunInternal(System.Threading.ExecutionContext, System.Threading.ContextCallback, object)
       [46] void System.Runtime.CompilerServices.AsyncTaskMethodBuilder`1+AsyncStateMachineBox`1.MoveNext(System.Threading.Thread)
       [47] void System.Runtime.CompilerServices.AsyncTaskMethodBuilder`1+AsyncStateMachineBox`1.MoveNext()
       [48] void Godot.SignalAwaiter.SignalCallback(nint, Godot.NativeInterop.godot_variant**, int, Godot.NativeInterop.godot_bool*)
ERROR: No loader found for resource: res://ArtWorks/Cards/TH_SAKUYA-DEFEND.png (expected type: unknown)
   at: _load (core/io/resource_loader.cpp:358)
   C# backtrace (most recent call first):
       [0] void <unknown>.MegaCrit.Sts2.Core.Nodes.Cards.NCard.Reload_Patch1(MegaCrit.Sts2.Core.Nodes.Cards.NCard)
       [1] void MegaCrit.Sts2.Core.Nodes.Cards.NCard._Ready()
       [2] bool Godot.Node.InvokeGodotClassMethod(Godot.NativeInterop.godot_string_name&, Godot.NativeInterop.NativeVariantPtrArgs, Godot.NativeInterop.godot_variant&)
       [3] bool Godot.Control.InvokeGodotClassMethod(Godot.NativeInterop.godot_string_name&, Godot.NativeInterop.NativeVariantPtrArgs, Godot.NativeInterop.godot_variant&)
       [4] bool MegaCrit.Sts2.Core.Nodes.Cards.NCard.InvokeGodotClassMethod(Godot.NativeInterop.godot_string_name&, Godot.NativeInterop.NativeVariantPtrArgs, Godot.NativeInterop.godot_variant&)
       [5] Godot.NativeInterop.godot_bool Godot.Bridge.CSharpInstanceBridge.Call(nint, Godot.NativeInterop.godot_string_name*, Godot.NativeInterop.godot_variant**, int, Godot.NativeInterop.godot_variant_call_error*, Godot.NativeInterop.godot_variant*)
       [6] void Godot.NativeCalls.godot_icall_3_864(nint, nint, nint, Godot.NativeInterop.godot_bool, int)
       [7] void MegaCrit.Sts2.Core.Helpers.GodotTreeExtensions.AddChildSafely(Godot.Node, Godot.Node)
       [8] MegaCrit.Sts2.Core.Nodes.Cards.NCard MegaCrit.Sts2.Core.Commands.CardPileCmd.CreateCardNodeAndUpdateVisuals(MegaCrit.Sts2.Core.Models.CardModel, MegaCrit.Sts2.Core.Entities.Cards.PileType, bool)
       [9] void <unknown>.MegaCrit.Sts2.Core.Commands.CardPileCmd+<Add>d__9.MoveNext_Patch1(MegaCrit.Sts2.Core.Commands.CardPileCmd+<Add>d__9&)
       [10] void System.Runtime.CompilerServices.AsyncMethodBuilderCore.Start<TStateMachine>(TStateMachine&)
       [11] System.Threading.Tasks.Task`1[System.Collections.Generic.IReadOnlyList`1[MegaCrit.Sts2.Core.Entities.Cards.CardPileAddResult]] <unknown>.MegaCrit.Sts2.Core.Commands.CardPileCmd.Add_Patch2(System.Collections.Generic.IEnumerable`1[MegaCrit.Sts2.Core.Models.CardModel], MegaCrit.Sts2.Core.Entities.Cards.CardPile, MegaCrit.Sts2.Core.Entities.Cards.CardPilePosition, MegaCrit.Sts2.Core.Models.AbstractModel, bool)
       [12] void MegaCrit.Sts2.Core.Commands.CardPileCmd+<Add>d__7.MoveNext()
       [13] void System.Runtime.CompilerServices.AsyncMethodBuilderCore.Start<TStateMachine>(TStateMachine&)
       [14] void System.Runtime.CompilerServices.AsyncTaskMethodBuilder`1.Start<TStateMachine>(TStateMachine&)
       [15] System.Threading.Tasks.Task`1[MegaCrit.Sts2.Core.Entities.Cards.CardPileAddResult] MegaCrit.Sts2.Core.Commands.CardPileCmd.Add(MegaCrit.Sts2.Core.Models.CardModel, MegaCrit.Sts2.Core.Entities.Cards.CardPile, MegaCrit.Sts2.Core.Entities.Cards.CardPilePosition, MegaCrit.Sts2.Core.Models.AbstractModel, bool)
       [16] void MegaCrit.Sts2.Core.Commands.CardPileCmd+<Draw>d__16.MoveNext()
       [17] void System.Runtime.CompilerServices.AsyncTaskMethodBuilder`1+AsyncStateMachineBox`1.ExecutionContextCallback(object)
       [18] void System.Threading.ExecutionContext.RunInternal(System.Threading.ExecutionContext, System.Threading.ContextCallback, object)
       [19] void System.Runtime.CompilerServices.AsyncTaskMethodBuilder`1+AsyncStateMachineBox`1.MoveNext(System.Threading.Thread)
       [20] void System.Runtime.CompilerServices.AsyncTaskMethodBuilder`1+AsyncStateMachineBox`1.MoveNext()
       [21] void System.Threading.Tasks.AwaitTaskContinuation.RunCallback(System.Threading.ContextCallback, object, System.Threading.Tasks.Task&)
       [22] void System.Threading.Tasks.Task.RunContinuations(object)
       [23] bool System.Threading.Tasks.Task`1.TrySetResult(TResult)
       [24] void System.Runtime.CompilerServices.AsyncTaskMethodBuilder`1.SetExistingTaskResult(System.Threading.Tasks.Task`1[TResult], TResult)
       [25] void System.Runtime.CompilerServices.AsyncTaskMethodBuilder`1.SetResult(TResult)
       [26] void MegaCrit.Sts2.Core.Commands.CardPileCmd+<Add>d__7.MoveNext()
       [27] void System.Runtime.CompilerServices.AsyncTaskMethodBuilder`1+AsyncStateMachineBox`1.ExecutionContextCallback(object)
       [28] void System.Threading.ExecutionContext.RunInternal(System.Threading.ExecutionContext, System.Threading.ContextCallback, object)
       [29] void System.Runtime.CompilerServices.AsyncTaskMethodBuilder`1+AsyncStateMachineBox`1.MoveNext(System.Threading.Thread)
       [30] void System.Runtime.CompilerServices.AsyncTaskMethodBuilder`1+AsyncStateMachineBox`1.MoveNext()
       [31] void System.Threading.Tasks.AwaitTaskContinuation.RunCallback(System.Threading.ContextCallback, object, System.Threading.Tasks.Task&)
       [32] void System.Threading.Tasks.Task.RunContinuations(object)
       [33] bool System.Threading.Tasks.Task`1.TrySetResult(TResult)
       [34] void System.Runtime.CompilerServices.AsyncTaskMethodBuilder`1.SetExistingTaskResult(System.Threading.Tasks.Task`1[TResult], TResult)
       [35] void SilkSong.Scrpits.Patches.ShellSatchelPatch_AddToHandCapacity+<PostProcessHandAdds>d__2.MoveNext()
       [36] void System.Runtime.CompilerServices.AsyncTaskMethodBuilder`1+AsyncStateMachineBox`1.ExecutionContextCallback(object)
       [37] void System.Threading.ExecutionContext.RunInternal(System.Threading.ExecutionContext, System.Threading.ContextCallback, object)
       [38] void System.Runtime.CompilerServices.AsyncTaskMethodBuilder`1+AsyncStateMachineBox`1.MoveNext(System.Threading.Thread)
       [39] void System.Threading.Tasks.AwaitTaskContinuation.RunCallback(System.Threading.ContextCallback, object, System.Threading.Tasks.Task&)
       [40] void System.Threading.Tasks.Task.RunContinuations(object)
       [41] bool System.Threading.Tasks.Task`1.TrySetResult(TResult)
       [42] void System.Runtime.CompilerServices.AsyncTaskMethodBuilder`1.SetExistingTaskResult(System.Threading.Tasks.Task`1[TResult], TResult)
       [43] void <unknown>.MegaCrit.Sts2.Core.Commands.CardPileCmd+<Add>d__9.MoveNext_Patch1(MegaCrit.Sts2.Core.Commands.CardPileCmd+<Add>d__9&)
       [44] void System.Runtime.CompilerServices.AsyncTaskMethodBuilder`1+AsyncStateMachineBox`1.ExecutionContextCallback(object)
       [45] void System.Threading.ExecutionContext.RunInternal(System.Threading.ExecutionContext, System.Threading.ContextCallback, object)
       [46] void System.Runtime.CompilerServices.AsyncTaskMethodBuilder`1+AsyncStateMachineBox`1.MoveNext(System.Threading.Thread)
       [47] void System.Runtime.CompilerServices.AsyncTaskMethodBuilder`1+AsyncStateMachineBox`1.MoveNext()
       [48] void Godot.SignalAwaiter.SignalCallback(nint, Godot.NativeInterop.godot_variant**, int, Godot.NativeInterop.godot_bool*)
ERROR: Error loading resource: 'res://ArtWorks/Cards/TH_SAKUYA-DEFEND.png'.
   at: load (core/core_bind.cpp:74)
   C# backtrace (most recent call first):
       [0] void <unknown>.MegaCrit.Sts2.Core.Nodes.Cards.NCard.Reload_Patch1(MegaCrit.Sts2.Core.Nodes.Cards.NCard)
       [1] void MegaCrit.Sts2.Core.Nodes.Cards.NCard._Ready()
       [2] bool Godot.Node.InvokeGodotClassMethod(Godot.NativeInterop.godot_string_name&, Godot.NativeInterop.NativeVariantPtrArgs, Godot.NativeInterop.godot_variant&)
       [3] bool Godot.Control.InvokeGodotClassMethod(Godot.NativeInterop.godot_string_name&, Godot.NativeInterop.NativeVariantPtrArgs, Godot.NativeInterop.godot_variant&)
       [4] bool MegaCrit.Sts2.Core.Nodes.Cards.NCard.InvokeGodotClassMethod(Godot.NativeInterop.godot_string_name&, Godot.NativeInterop.NativeVariantPtrArgs, Godot.NativeInterop.godot_variant&)
       [5] Godot.NativeInterop.godot_bool Godot.Bridge.CSharpInstanceBridge.Call(nint, Godot.NativeInterop.godot_string_name*, Godot.NativeInterop.godot_variant**, int, Godot.NativeInterop.godot_variant_call_error*, Godot.NativeInterop.godot_variant*)
       [6] void Godot.NativeCalls.godot_icall_3_864(nint, nint, nint, Godot.NativeInterop.godot_bool, int)
       [7] void MegaCrit.Sts2.Core.Helpers.GodotTreeExtensions.AddChildSafely(Godot.Node, Godot.Node)
       [8] MegaCrit.Sts2.Core.Nodes.Cards.NCard MegaCrit.Sts2.Core.Commands.CardPileCmd.CreateCardNodeAndUpdateVisuals(MegaCrit.Sts2.Core.Models.CardModel, MegaCrit.Sts2.Core.Entities.Cards.PileType, bool)
       [9] void <unknown>.MegaCrit.Sts2.Core.Commands.CardPileCmd+<Add>d__9.MoveNext_Patch1(MegaCrit.Sts2.Core.Commands.CardPileCmd+<Add>d__9&)
       [10] void System.Runtime.CompilerServices.AsyncMethodBuilderCore.Start<TStateMachine>(TStateMachine&)
       [11] System.Threading.Tasks.Task`1[System.Collections.Generic.IReadOnlyList`1[MegaCrit.Sts2.Core.Entities.Cards.CardPileAddResult]] <unknown>.MegaCrit.Sts2.Core.Commands.CardPileCmd.Add_Patch2(System.Collections.Generic.IEnumerable`1[MegaCrit.Sts2.Core.Models.CardModel], MegaCrit.Sts2.Core.Entities.Cards.CardPile, MegaCrit.Sts2.Core.Entities.Cards.CardPilePosition, MegaCrit.Sts2.Core.Models.AbstractModel, bool)
       [12] void MegaCrit.Sts2.Core.Commands.CardPileCmd+<Add>d__7.MoveNext()
       [13] void System.Runtime.CompilerServices.AsyncMethodBuilderCore.Start<TStateMachine>(TStateMachine&)
       [14] void System.Runtime.CompilerServices.AsyncTaskMethodBuilder`1.Start<TStateMachine>(TStateMachine&)
       [15] System.Threading.Tasks.Task`1[MegaCrit.Sts2.Core.Entities.Cards.CardPileAddResult] MegaCrit.Sts2.Core.Commands.CardPileCmd.Add(MegaCrit.Sts2.Core.Models.CardModel, MegaCrit.Sts2.Core.Entities.Cards.CardPile, MegaCrit.Sts2.Core.Entities.Cards.CardPilePosition, MegaCrit.Sts2.Core.Models.AbstractModel, bool)
       [16] void MegaCrit.Sts2.Core.Commands.CardPileCmd+<Draw>d__16.MoveNext()
       [17] void System.Runtime.CompilerServices.AsyncTaskMethodBuilder`1+AsyncStateMachineBox`1.ExecutionContextCallback(object)
       [18] void System.Threading.ExecutionContext.RunInternal(System.Threading.ExecutionContext, System.Threading.ContextCallback, object)
       [19] void System.Runtime.CompilerServices.AsyncTaskMethodBuilder`1+AsyncStateMachineBox`1.MoveNext(System.Threading.Thread)
       [20] void System.Runtime.CompilerServices.AsyncTaskMethodBuilder`1+AsyncStateMachineBox`1.MoveNext()
       [21] void System.Threading.Tasks.AwaitTaskContinuation.RunCallback(System.Threading.ContextCallback, object, System.Threading.Tasks.Task&)
       [22] void System.Threading.Tasks.Task.RunContinuations(object)
       [23] bool System.Threading.Tasks.Task`1.TrySetResult(TResult)
       [24] void System.Runtime.CompilerServices.AsyncTaskMethodBuilder`1.SetExistingTaskResult(System.Threading.Tasks.Task`1[TResult], TResult)
       [25] void System.Runtime.CompilerServices.AsyncTaskMethodBuilder`1.SetResult(TResult)
       [26] void MegaCrit.Sts2.Core.Commands.CardPileCmd+<Add>d__7.MoveNext()
       [27] void System.Runtime.CompilerServices.AsyncTaskMethodBuilder`1+AsyncStateMachineBox`1.ExecutionContextCallback(object)
       [28] void System.Threading.ExecutionContext.RunInternal(System.Threading.ExecutionContext, System.Threading.ContextCallback, object)
       [29] void System.Runtime.CompilerServices.AsyncTaskMethodBuilder`1+AsyncStateMachineBox`1.MoveNext(System.Threading.Thread)
       [30] void System.Runtime.CompilerServices.AsyncTaskMethodBuilder`1+AsyncStateMachineBox`1.MoveNext()
       [31] void System.Threading.Tasks.AwaitTaskContinuation.RunCallback(System.Threading.ContextCallback, object, System.Threading.Tasks.Task&)
       [32] void System.Threading.Tasks.Task.RunContinuations(object)
       [33] bool System.Threading.Tasks.Task`1.TrySetResult(TResult)
       [34] void System.Runtime.CompilerServices.AsyncTaskMethodBuilder`1.SetExistingTaskResult(System.Threading.Tasks.Task`1[TResult], TResult)
       [35] void SilkSong.Scrpits.Patches.ShellSatchelPatch_AddToHandCapacity+<PostProcessHandAdds>d__2.MoveNext()
       [36] void System.Runtime.CompilerServices.AsyncTaskMethodBuilder`1+AsyncStateMachineBox`1.ExecutionContextCallback(object)
       [37] void System.Threading.ExecutionContext.RunInternal(System.Threading.ExecutionContext, System.Threading.ContextCallback, object)
       [38] void System.Runtime.CompilerServices.AsyncTaskMethodBuilder`1+AsyncStateMachineBox`1.MoveNext(System.Threading.Thread)
       [39] void System.Threading.Tasks.AwaitTaskContinuation.RunCallback(System.Threading.ContextCallback, object, System.Threading.Tasks.Task&)
       [40] void System.Threading.Tasks.Task.RunContinuations(object)
       [41] bool System.Threading.Tasks.Task`1.TrySetResult(TResult)
       [42] void System.Runtime.CompilerServices.AsyncTaskMethodBuilder`1.SetExistingTaskResult(System.Threading.Tasks.Task`1[TResult], TResult)
       [43] void <unknown>.MegaCrit.Sts2.Core.Commands.CardPileCmd+<Add>d__9.MoveNext_Patch1(MegaCrit.Sts2.Core.Commands.CardPileCmd+<Add>d__9&)
       [44] void System.Runtime.CompilerServices.AsyncTaskMethodBuilder`1+AsyncStateMachineBox`1.ExecutionContextCallback(object)
       [45] void System.Threading.ExecutionContext.RunInternal(System.Threading.ExecutionContext, System.Threading.ContextCallback, object)
       [46] void System.Runtime.CompilerServices.AsyncTaskMethodBuilder`1+AsyncStateMachineBox`1.MoveNext(System.Threading.Thread)
       [47] void System.Runtime.CompilerServices.AsyncTaskMethodBuilder`1+AsyncStateMachineBox`1.MoveNext()
       [48] void Godot.SignalAwaiter.SignalCallback(nint, Godot.NativeInterop.godot_variant**, int, Godot.NativeInterop.godot_bool*)
ERROR: No loader found for resource: res://ArtWorks/Cards/TH_SAKUYA-STRIKE.png (expected type: unknown)
   at: _load (core/io/resource_loader.cpp:358)
   C# backtrace (most recent call first):
       [0] void <unknown>.MegaCrit.Sts2.Core.Nodes.Cards.NCard.Reload_Patch1(MegaCrit.Sts2.Core.Nodes.Cards.NCard)
       [1] void MegaCrit.Sts2.Core.Nodes.Cards.NCard._Ready()
       [2] bool Godot.Node.InvokeGodotClassMethod(Godot.NativeInterop.godot_string_name&, Godot.NativeInterop.NativeVariantPtrArgs, Godot.NativeInterop.godot_variant&)
       [3] bool Godot.Control.InvokeGodotClassMethod(Godot.NativeInterop.godot_string_name&, Godot.NativeInterop.NativeVariantPtrArgs, Godot.NativeInterop.godot_variant&)
       [4] bool MegaCrit.Sts2.Core.Nodes.Cards.NCard.InvokeGodotClassMethod(Godot.NativeInterop.godot_string_name&, Godot.NativeInterop.NativeVariantPtrArgs, Godot.NativeInterop.godot_variant&)
       [5] Godot.NativeInterop.godot_bool Godot.Bridge.CSharpInstanceBridge.Call(nint, Godot.NativeInterop.godot_string_name*, Godot.NativeInterop.godot_variant**, int, Godot.NativeInterop.godot_variant_call_error*, Godot.NativeInterop.godot_variant*)
       [6] void Godot.NativeCalls.godot_icall_3_864(nint, nint, nint, Godot.NativeInterop.godot_bool, int)
       [7] void MegaCrit.Sts2.Core.Helpers.GodotTreeExtensions.AddChildSafely(Godot.Node, Godot.Node)
       [8] MegaCrit.Sts2.Core.Nodes.Cards.NCard MegaCrit.Sts2.Core.Commands.CardPileCmd.CreateCardNodeAndUpdateVisuals(MegaCrit.Sts2.Core.Models.CardModel, MegaCrit.Sts2.Core.Entities.Cards.PileType, bool)
       [9] void <unknown>.MegaCrit.Sts2.Core.Commands.CardPileCmd+<Add>d__9.MoveNext_Patch1(MegaCrit.Sts2.Core.Commands.CardPileCmd+<Add>d__9&)
       [10] void System.Runtime.CompilerServices.AsyncMethodBuilderCore.Start<TStateMachine>(TStateMachine&)
       [11] System.Threading.Tasks.Task`1[System.Collections.Generic.IReadOnlyList`1[MegaCrit.Sts2.Core.Entities.Cards.CardPileAddResult]] <unknown>.MegaCrit.Sts2.Core.Commands.CardPileCmd.Add_Patch2(System.Collections.Generic.IEnumerable`1[MegaCrit.Sts2.Core.Models.CardModel], MegaCrit.Sts2.Core.Entities.Cards.CardPile, MegaCrit.Sts2.Core.Entities.Cards.CardPilePosition, MegaCrit.Sts2.Core.Models.AbstractModel, bool)
       [12] void MegaCrit.Sts2.Core.Commands.CardPileCmd+<Add>d__7.MoveNext()
       [13] void System.Runtime.CompilerServices.AsyncMethodBuilderCore.Start<TStateMachine>(TStateMachine&)
       [14] void System.Runtime.CompilerServices.AsyncTaskMethodBuilder`1.Start<TStateMachine>(TStateMachine&)
       [15] System.Threading.Tasks.Task`1[MegaCrit.Sts2.Core.Entities.Cards.CardPileAddResult] MegaCrit.Sts2.Core.Commands.CardPileCmd.Add(MegaCrit.Sts2.Core.Models.CardModel, MegaCrit.Sts2.Core.Entities.Cards.CardPile, MegaCrit.Sts2.Core.Entities.Cards.CardPilePosition, MegaCrit.Sts2.Core.Models.AbstractModel, bool)
       [16] void MegaCrit.Sts2.Core.Commands.CardPileCmd+<Draw>d__16.MoveNext()
       [17] void System.Runtime.CompilerServices.AsyncTaskMethodBuilder`1+AsyncStateMachineBox`1.ExecutionContextCallback(object)
       [18] void System.Threading.ExecutionContext.RunInternal(System.Threading.ExecutionContext, System.Threading.ContextCallback, object)
       [19] void System.Runtime.CompilerServices.AsyncTaskMethodBuilder`1+AsyncStateMachineBox`1.MoveNext(System.Threading.Thread)
       [20] void System.Runtime.CompilerServices.AsyncTaskMethodBuilder`1+AsyncStateMachineBox`1.MoveNext()
       [21] void System.Threading.Tasks.AwaitTaskContinuation.RunCallback(System.Threading.ContextCallback, object, System.Threading.Tasks.Task&)
       [22] void System.Threading.Tasks.Task.RunContinuations(object)
       [23] bool System.Threading.Tasks.Task`1.TrySetResult(TResult)
       [24] void System.Runtime.CompilerServices.AsyncTaskMethodBuilder`1.SetExistingTaskResult(System.Threading.Tasks.Task`1[TResult], TResult)
       [25] void System.Runtime.CompilerServices.AsyncTaskMethodBuilder`1.SetResult(TResult)
       [26] void MegaCrit.Sts2.Core.Commands.CardPileCmd+<Add>d__7.MoveNext()
       [27] void System.Runtime.CompilerServices.AsyncTaskMethodBuilder`1+AsyncStateMachineBox`1.ExecutionContextCallback(object)
       [28] void System.Threading.ExecutionContext.RunInternal(System.Threading.ExecutionContext, System.Threading.ContextCallback, object)
       [29] void System.Runtime.CompilerServices.AsyncTaskMethodBuilder`1+AsyncStateMachineBox`1.MoveNext(System.Threading.Thread)
       [30] void System.Runtime.CompilerServices.AsyncTaskMethodBuilder`1+AsyncStateMachineBox`1.MoveNext()
       [31] void System.Threading.Tasks.AwaitTaskContinuation.RunCallback(System.Threading.ContextCallback, object, System.Threading.Tasks.Task&)
       [32] void System.Threading.Tasks.Task.RunContinuations(object)
       [33] bool System.Threading.Tasks.Task`1.TrySetResult(TResult)
       [34] void System.Runtime.CompilerServices.AsyncTaskMethodBuilder`1.SetExistingTaskResult(System.Threading.Tasks.Task`1[TResult], TResult)
       [35] void SilkSong.Scrpits.Patches.ShellSatchelPatch_AddToHandCapacity+<PostProcessHandAdds>d__2.MoveNext()
       [36] void System.Runtime.CompilerServices.AsyncTaskMethodBuilder`1+AsyncStateMachineBox`1.ExecutionContextCallback(object)
       [37] void System.Threading.ExecutionContext.RunInternal(System.Threading.ExecutionContext, System.Threading.ContextCallback, object)
       [38] void System.Runtime.CompilerServices.AsyncTaskMethodBuilder`1+AsyncStateMachineBox`1.MoveNext(System.Threading.Thread)
       [39] void System.Threading.Tasks.AwaitTaskContinuation.RunCallback(System.Threading.ContextCallback, object, System.Threading.Tasks.Task&)
       [40] void System.Threading.Tasks.Task.RunContinuations(object)
       [41] bool System.Threading.Tasks.Task`1.TrySetResult(TResult)
       [42] void System.Runtime.CompilerServices.AsyncTaskMethodBuilder`1.SetExistingTaskResult(System.Threading.Tasks.Task`1[TResult], TResult)
       [43] void <unknown>.MegaCrit.Sts2.Core.Commands.CardPileCmd+<Add>d__9.MoveNext_Patch1(MegaCrit.Sts2.Core.Commands.CardPileCmd+<Add>d__9&)
       [44] void System.Runtime.CompilerServices.AsyncTaskMethodBuilder`1+AsyncStateMachineBox`1.ExecutionContextCallback(object)
       [45] void System.Threading.ExecutionContext.RunInternal(System.Threading.ExecutionContext, System.Threading.ContextCallback, object)
       [46] void System.Runtime.CompilerServices.AsyncTaskMethodBuilder`1+AsyncStateMachineBox`1.MoveNext(System.Threading.Thread)
       [47] void System.Runtime.CompilerServices.AsyncTaskMethodBuilder`1+AsyncStateMachineBox`1.MoveNext()
       [48] void Godot.SignalAwaiter.SignalCallback(nint, Godot.NativeInterop.godot_variant**, int, Godot.NativeInterop.godot_bool*)
ERROR: Error loading resource: 'res://ArtWorks/Cards/TH_SAKUYA-STRIKE.png'.
   at: load (core/core_bind.cpp:74)
   C# backtrace (most recent call first):
       [0] void <unknown>.MegaCrit.Sts2.Core.Nodes.Cards.NCard.Reload_Patch1(MegaCrit.Sts2.Core.Nodes.Cards.NCard)
       [1] void MegaCrit.Sts2.Core.Nodes.Cards.NCard._Ready()
       [2] bool Godot.Node.InvokeGodotClassMethod(Godot.NativeInterop.godot_string_name&, Godot.NativeInterop.NativeVariantPtrArgs, Godot.NativeInterop.godot_variant&)
       [3] bool Godot.Control.InvokeGodotClassMethod(Godot.NativeInterop.godot_string_name&, Godot.NativeInterop.NativeVariantPtrArgs, Godot.NativeInterop.godot_variant&)
       [4] bool MegaCrit.Sts2.Core.Nodes.Cards.NCard.InvokeGodotClassMethod(Godot.NativeInterop.godot_string_name&, Godot.NativeInterop.NativeVariantPtrArgs, Godot.NativeInterop.godot_variant&)
       [5] Godot.NativeInterop.godot_bool Godot.Bridge.CSharpInstanceBridge.Call(nint, Godot.NativeInterop.godot_string_name*, Godot.NativeInterop.godot_variant**, int, Godot.NativeInterop.godot_variant_call_error*, Godot.NativeInterop.godot_variant*)
       [6] void Godot.NativeCalls.godot_icall_3_864(nint, nint, nint, Godot.NativeInterop.godot_bool, int)
       [7] void MegaCrit.Sts2.Core.Helpers.GodotTreeExtensions.AddChildSafely(Godot.Node, Godot.Node)
       [8] MegaCrit.Sts2.Core.Nodes.Cards.NCard MegaCrit.Sts2.Core.Commands.CardPileCmd.CreateCardNodeAndUpdateVisuals(MegaCrit.Sts2.Core.Models.CardModel, MegaCrit.Sts2.Core.Entities.Cards.PileType, bool)
       [9] void <unknown>.MegaCrit.Sts2.Core.Commands.CardPileCmd+<Add>d__9.MoveNext_Patch1(MegaCrit.Sts2.Core.Commands.CardPileCmd+<Add>d__9&)
       [10] void System.Runtime.CompilerServices.AsyncMethodBuilderCore.Start<TStateMachine>(TStateMachine&)
       [11] System.Threading.Tasks.Task`1[System.Collections.Generic.IReadOnlyList`1[MegaCrit.Sts2.Core.Entities.Cards.CardPileAddResult]] <unknown>.MegaCrit.Sts2.Core.Commands.CardPileCmd.Add_Patch2(System.Collections.Generic.IEnumerable`1[MegaCrit.Sts2.Core.Models.CardModel], MegaCrit.Sts2.Core.Entities.Cards.CardPile, MegaCrit.Sts2.Core.Entities.Cards.CardPilePosition, MegaCrit.Sts2.Core.Models.AbstractModel, bool)
       [12] void MegaCrit.Sts2.Core.Commands.CardPileCmd+<Add>d__7.MoveNext()
       [13] void System.Runtime.CompilerServices.AsyncMethodBuilderCore.Start<TStateMachine>(TStateMachine&)
       [14] void System.Runtime.CompilerServices.AsyncTaskMethodBuilder`1.Start<TStateMachine>(TStateMachine&)
       [15] System.Threading.Tasks.Task`1[MegaCrit.Sts2.Core.Entities.Cards.CardPileAddResult] MegaCrit.Sts2.Core.Commands.CardPileCmd.Add(MegaCrit.Sts2.Core.Models.CardModel, MegaCrit.Sts2.Core.Entities.Cards.CardPile, MegaCrit.Sts2.Core.Entities.Cards.CardPilePosition, MegaCrit.Sts2.Core.Models.AbstractModel, bool)
       [16] void MegaCrit.Sts2.Core.Commands.CardPileCmd+<Draw>d__16.MoveNext()
       [17] void System.Runtime.CompilerServices.AsyncTaskMethodBuilder`1+AsyncStateMachineBox`1.ExecutionContextCallback(object)
       [18] void System.Threading.ExecutionContext.RunInternal(System.Threading.ExecutionContext, System.Threading.ContextCallback, object)
       [19] void System.Runtime.CompilerServices.AsyncTaskMethodBuilder`1+AsyncStateMachineBox`1.MoveNext(System.Threading.Thread)
       [20] void System.Runtime.CompilerServices.AsyncTaskMethodBuilder`1+AsyncStateMachineBox`1.MoveNext()
       [21] void System.Threading.Tasks.AwaitTaskContinuation.RunCallback(System.Threading.ContextCallback, object, System.Threading.Tasks.Task&)
       [22] void System.Threading.Tasks.Task.RunContinuations(object)
       [23] bool System.Threading.Tasks.Task`1.TrySetResult(TResult)
       [24] void System.Runtime.CompilerServices.AsyncTaskMethodBuilder`1.SetExistingTaskResult(System.Threading.Tasks.Task`1[TResult], TResult)
       [25] void System.Runtime.CompilerServices.AsyncTaskMethodBuilder`1.SetResult(TResult)
       [26] void MegaCrit.Sts2.Core.Commands.CardPileCmd+<Add>d__7.MoveNext()
       [27] void System.Runtime.CompilerServices.AsyncTaskMethodBuilder`1+AsyncStateMachineBox`1.ExecutionContextCallback(object)
       [28] void System.Threading.ExecutionContext.RunInternal(System.Threading.ExecutionContext, System.Threading.ContextCallback, object)
       [29] void System.Runtime.CompilerServices.AsyncTaskMethodBuilder`1+AsyncStateMachineBox`1.MoveNext(System.Threading.Thread)
       [30] void System.Runtime.CompilerServices.AsyncTaskMethodBuilder`1+AsyncStateMachineBox`1.MoveNext()
       [31] void System.Threading.Tasks.AwaitTaskContinuation.RunCallback(System.Threading.ContextCallback, object, System.Threading.Tasks.Task&)
       [32] void System.Threading.Tasks.Task.RunContinuations(object)
       [33] bool System.Threading.Tasks.Task`1.TrySetResult(TResult)
       [34] void System.Runtime.CompilerServices.AsyncTaskMethodBuilder`1.SetExistingTaskResult(System.Threading.Tasks.Task`1[TResult], TResult)
       [35] void SilkSong.Scrpits.Patches.ShellSatchelPatch_AddToHandCapacity+<PostProcessHandAdds>d__2.MoveNext()
       [36] void System.Runtime.CompilerServices.AsyncTaskMethodBuilder`1+AsyncStateMachineBox`1.ExecutionContextCallback(object)
       [37] void System.Threading.ExecutionContext.RunInternal(System.Threading.ExecutionContext, System.Threading.ContextCallback, object)
       [38] void System.Runtime.CompilerServices.AsyncTaskMethodBuilder`1+AsyncStateMachineBox`1.MoveNext(System.Threading.Thread)
       [39] void System.Threading.Tasks.AwaitTaskContinuation.RunCallback(System.Threading.ContextCallback, object, System.Threading.Tasks.Task&)
       [40] void System.Threading.Tasks.Task.RunContinuations(object)
       [41] bool System.Threading.Tasks.Task`1.TrySetResult(TResult)
       [42] void System.Runtime.CompilerServices.AsyncTaskMethodBuilder`1.SetExistingTaskResult(System.Threading.Tasks.Task`1[TResult], TResult)
       [43] void <unknown>.MegaCrit.Sts2.Core.Commands.CardPileCmd+<Add>d__9.MoveNext_Patch1(MegaCrit.Sts2.Core.Commands.CardPileCmd+<Add>d__9&)
       [44] void System.Runtime.CompilerServices.AsyncTaskMethodBuilder`1+AsyncStateMachineBox`1.ExecutionContextCallback(object)
       [45] void System.Threading.ExecutionContext.RunInternal(System.Threading.ExecutionContext, System.Threading.ContextCallback, object)
       [46] void System.Runtime.CompilerServices.AsyncTaskMethodBuilder`1+AsyncStateMachineBox`1.MoveNext(System.Threading.Thread)
       [47] void System.Runtime.CompilerServices.AsyncTaskMethodBuilder`1+AsyncStateMachineBox`1.MoveNext()
       [48] void Godot.SignalAwaiter.SignalCallback(nint, Godot.NativeInterop.godot_variant**, int, Godot.NativeInterop.godot_bool*)
[INFO] Limiting background FPS to 30
ERROR: No loader found for resource: res://ArtWorks/Cards/TH_SAKUYA-DEFEND.png (expected type: unknown)
   at: _load (core/io/resource_loader.cpp:358)
   C# backtrace (most recent call first):
       [0] void <unknown>.MegaCrit.Sts2.Core.Nodes.Cards.NCard.Reload_Patch1(MegaCrit.Sts2.Core.Nodes.Cards.NCard)
       [1] void MegaCrit.Sts2.Core.Nodes.Cards.NCard._Ready()
       [2] bool Godot.Node.InvokeGodotClassMethod(Godot.NativeInterop.godot_string_name&, Godot.NativeInterop.NativeVariantPtrArgs, Godot.NativeInterop.godot_variant&)
       [3] bool Godot.Control.InvokeGodotClassMethod(Godot.NativeInterop.godot_string_name&, Godot.NativeInterop.NativeVariantPtrArgs, Godot.NativeInterop.godot_variant&)
       [4] bool MegaCrit.Sts2.Core.Nodes.Cards.NCard.InvokeGodotClassMethod(Godot.NativeInterop.godot_string_name&, Godot.NativeInterop.NativeVariantPtrArgs, Godot.NativeInterop.godot_variant&)
       [5] Godot.NativeInterop.godot_bool Godot.Bridge.CSharpInstanceBridge.Call(nint, Godot.NativeInterop.godot_string_name*, Godot.NativeInterop.godot_variant**, int, Godot.NativeInterop.godot_variant_call_error*, Godot.NativeInterop.godot_variant*)
       [6] void Godot.NativeCalls.godot_icall_3_864(nint, nint, nint, Godot.NativeInterop.godot_bool, int)
       [7] void MegaCrit.Sts2.Core.Helpers.GodotTreeExtensions.AddChildSafely(Godot.Node, Godot.Node)
       [8] MegaCrit.Sts2.Core.Nodes.Cards.NCard MegaCrit.Sts2.Core.Commands.CardPileCmd.CreateCardNodeAndUpdateVisuals(MegaCrit.Sts2.Core.Models.CardModel, MegaCrit.Sts2.Core.Entities.Cards.PileType, bool)
       [9] void <unknown>.MegaCrit.Sts2.Core.Commands.CardPileCmd+<Add>d__9.MoveNext_Patch1(MegaCrit.Sts2.Core.Commands.CardPileCmd+<Add>d__9&)
       [10] void System.Runtime.CompilerServices.AsyncMethodBuilderCore.Start<TStateMachine>(TStateMachine&)
       [11] System.Threading.Tasks.Task`1[System.Collections.Generic.IReadOnlyList`1[MegaCrit.Sts2.Core.Entities.Cards.CardPileAddResult]] <unknown>.MegaCrit.Sts2.Core.Commands.CardPileCmd.Add_Patch2(System.Collections.Generic.IEnumerable`1[MegaCrit.Sts2.Core.Models.CardModel], MegaCrit.Sts2.Core.Entities.Cards.CardPile, MegaCrit.Sts2.Core.Entities.Cards.CardPilePosition, MegaCrit.Sts2.Core.Models.AbstractModel, bool)
       [12] void MegaCrit.Sts2.Core.Commands.CardPileCmd+<Add>d__7.MoveNext()
       [13] void System.Runtime.CompilerServices.AsyncMethodBuilderCore.Start<TStateMachine>(TStateMachine&)
       [14] void System.Runtime.CompilerServices.AsyncTaskMethodBuilder`1.Start<TStateMachine>(TStateMachine&)
       [15] System.Threading.Tasks.Task`1[MegaCrit.Sts2.Core.Entities.Cards.CardPileAddResult] MegaCrit.Sts2.Core.Commands.CardPileCmd.Add(MegaCrit.Sts2.Core.Models.CardModel, MegaCrit.Sts2.Core.Entities.Cards.CardPile, MegaCrit.Sts2.Core.Entities.Cards.CardPilePosition, MegaCrit.Sts2.Core.Models.AbstractModel, bool)
       [16] void MegaCrit.Sts2.Core.Commands.CardPileCmd+<Draw>d__16.MoveNext()
       [17] void System.Runtime.CompilerServices.AsyncTaskMethodBuilder`1+AsyncStateMachineBox`1.ExecutionContextCallback(object)
       [18] void System.Threading.ExecutionContext.RunInternal(System.Threading.ExecutionContext, System.Threading.ContextCallback, object)
       [19] void System.Runtime.CompilerServices.AsyncTaskMethodBuilder`1+AsyncStateMachineBox`1.MoveNext(System.Threading.Thread)
       [20] void System.Runtime.CompilerServices.AsyncTaskMethodBuilder`1+AsyncStateMachineBox`1.MoveNext()
       [21] void System.Threading.Tasks.AwaitTaskContinuation.RunCallback(System.Threading.ContextCallback, object, System.Threading.Tasks.Task&)
       [22] void System.Threading.Tasks.Task.RunContinuations(object)
       [23] bool System.Threading.Tasks.Task`1.TrySetResult(TResult)
       [24] void System.Runtime.CompilerServices.AsyncTaskMethodBuilder`1.SetExistingTaskResult(System.Threading.Tasks.Task`1[TResult], TResult)
       [25] void System.Runtime.CompilerServices.AsyncTaskMethodBuilder`1.SetResult(TResult)
       [26] void MegaCrit.Sts2.Core.Commands.CardPileCmd+<Add>d__7.MoveNext()
       [27] void System.Runtime.CompilerServices.AsyncTaskMethodBuilder`1+AsyncStateMachineBox`1.ExecutionContextCallback(object)
       [28] void System.Threading.ExecutionContext.RunInternal(System.Threading.ExecutionContext, System.Threading.ContextCallback, object)
       [29] void System.Runtime.CompilerServices.AsyncTaskMethodBuilder`1+AsyncStateMachineBox`1.MoveNext(System.Threading.Thread)
       [30] void System.Runtime.CompilerServices.AsyncTaskMethodBuilder`1+AsyncStateMachineBox`1.MoveNext()
       [31] void System.Threading.Tasks.AwaitTaskContinuation.RunCallback(System.Threading.ContextCallback, object, System.Threading.Tasks.Task&)
       [32] void System.Threading.Tasks.Task.RunContinuations(object)
       [33] bool System.Threading.Tasks.Task`1.TrySetResult(TResult)
       [34] void System.Runtime.CompilerServices.AsyncTaskMethodBuilder`1.SetExistingTaskResult(System.Threading.Tasks.Task`1[TResult], TResult)
       [35] void SilkSong.Scrpits.Patches.ShellSatchelPatch_AddToHandCapacity+<PostProcessHandAdds>d__2.MoveNext()
       [36] void System.Runtime.CompilerServices.AsyncTaskMethodBuilder`1+AsyncStateMachineBox`1.ExecutionContextCallback(object)
       [37] void System.Threading.ExecutionContext.RunInternal(System.Threading.ExecutionContext, System.Threading.ContextCallback, object)
       [38] void System.Runtime.CompilerServices.AsyncTaskMethodBuilder`1+AsyncStateMachineBox`1.MoveNext(System.Threading.Thread)
       [39] void System.Threading.Tasks.AwaitTaskContinuation.RunCallback(System.Threading.ContextCallback, object, System.Threading.Tasks.Task&)
       [40] void System.Threading.Tasks.Task.RunContinuations(object)
       [41] bool System.Threading.Tasks.Task`1.TrySetResult(TResult)
       [42] void System.Runtime.CompilerServices.AsyncTaskMethodBuilder`1.SetExistingTaskResult(System.Threading.Tasks.Task`1[TResult], TResult)
       [43] void <unknown>.MegaCrit.Sts2.Core.Commands.CardPileCmd+<Add>d__9.MoveNext_Patch1(MegaCrit.Sts2.Core.Commands.CardPileCmd+<Add>d__9&)
       [44] void System.Runtime.CompilerServices.AsyncTaskMethodBuilder`1+AsyncStateMachineBox`1.ExecutionContextCallback(object)
       [45] void System.Threading.ExecutionContext.RunInternal(System.Threading.ExecutionContext, System.Threading.ContextCallback, object)
       [46] void System.Runtime.CompilerServices.AsyncTaskMethodBuilder`1+AsyncStateMachineBox`1.MoveNext(System.Threading.Thread)
       [47] void System.Runtime.CompilerServices.AsyncTaskMethodBuilder`1+AsyncStateMachineBox`1.MoveNext()
       [48] void Godot.SignalAwaiter.SignalCallback(nint, Godot.NativeInterop.godot_variant**, int, Godot.NativeInterop.godot_bool*)
ERROR: Error loading resource: 'res://ArtWorks/Cards/TH_SAKUYA-DEFEND.png'.
   at: load (core/core_bind.cpp:74)
   C# backtrace (most recent call first):
       [0] void <unknown>.MegaCrit.Sts2.Core.Nodes.Cards.NCard.Reload_Patch1(MegaCrit.Sts2.Core.Nodes.Cards.NCard)
       [1] void MegaCrit.Sts2.Core.Nodes.Cards.NCard._Ready()
       [2] bool Godot.Node.InvokeGodotClassMethod(Godot.NativeInterop.godot_string_name&, Godot.NativeInterop.NativeVariantPtrArgs, Godot.NativeInterop.godot_variant&)
       [3] bool Godot.Control.InvokeGodotClassMethod(Godot.NativeInterop.godot_string_name&, Godot.NativeInterop.NativeVariantPtrArgs, Godot.NativeInterop.godot_variant&)
       [4] bool MegaCrit.Sts2.Core.Nodes.Cards.NCard.InvokeGodotClassMethod(Godot.NativeInterop.godot_string_name&, Godot.NativeInterop.NativeVariantPtrArgs, Godot.NativeInterop.godot_variant&)
       [5] Godot.NativeInterop.godot_bool Godot.Bridge.CSharpInstanceBridge.Call(nint, Godot.NativeInterop.godot_string_name*, Godot.NativeInterop.godot_variant**, int, Godot.NativeInterop.godot_variant_call_error*, Godot.NativeInterop.godot_variant*)
       [6] void Godot.NativeCalls.godot_icall_3_864(nint, nint, nint, Godot.NativeInterop.godot_bool, int)
       [7] void MegaCrit.Sts2.Core.Helpers.GodotTreeExtensions.AddChildSafely(Godot.Node, Godot.Node)
       [8] MegaCrit.Sts2.Core.Nodes.Cards.NCard MegaCrit.Sts2.Core.Commands.CardPileCmd.CreateCardNodeAndUpdateVisuals(MegaCrit.Sts2.Core.Models.CardModel, MegaCrit.Sts2.Core.Entities.Cards.PileType, bool)
       [9] void <unknown>.MegaCrit.Sts2.Core.Commands.CardPileCmd+<Add>d__9.MoveNext_Patch1(MegaCrit.Sts2.Core.Commands.CardPileCmd+<Add>d__9&)
       [10] void System.Runtime.CompilerServices.AsyncMethodBuilderCore.Start<TStateMachine>(TStateMachine&)
       [11] System.Threading.Tasks.Task`1[System.Collections.Generic.IReadOnlyList`1[MegaCrit.Sts2.Core.Entities.Cards.CardPileAddResult]] <unknown>.MegaCrit.Sts2.Core.Commands.CardPileCmd.Add_Patch2(System.Collections.Generic.IEnumerable`1[MegaCrit.Sts2.Core.Models.CardModel], MegaCrit.Sts2.Core.Entities.Cards.CardPile, MegaCrit.Sts2.Core.Entities.Cards.CardPilePosition, MegaCrit.Sts2.Core.Models.AbstractModel, bool)
       [12] void MegaCrit.Sts2.Core.Commands.CardPileCmd+<Add>d__7.MoveNext()
       [13] void System.Runtime.CompilerServices.AsyncMethodBuilderCore.Start<TStateMachine>(TStateMachine&)
       [14] void System.Runtime.CompilerServices.AsyncTaskMethodBuilder`1.Start<TStateMachine>(TStateMachine&)
       [15] System.Threading.Tasks.Task`1[MegaCrit.Sts2.Core.Entities.Cards.CardPileAddResult] MegaCrit.Sts2.Core.Commands.CardPileCmd.Add(MegaCrit.Sts2.Core.Models.CardModel, MegaCrit.Sts2.Core.Entities.Cards.CardPile, MegaCrit.Sts2.Core.Entities.Cards.CardPilePosition, MegaCrit.Sts2.Core.Models.AbstractModel, bool)
       [16] void MegaCrit.Sts2.Core.Commands.CardPileCmd+<Draw>d__16.MoveNext()
       [17] void System.Runtime.CompilerServices.AsyncTaskMethodBuilder`1+AsyncStateMachineBox`1.ExecutionContextCallback(object)
       [18] void System.Threading.ExecutionContext.RunInternal(System.Threading.ExecutionContext, System.Threading.ContextCallback, object)
       [19] void System.Runtime.CompilerServices.AsyncTaskMethodBuilder`1+AsyncStateMachineBox`1.MoveNext(System.Threading.Thread)
       [20] void System.Runtime.CompilerServices.AsyncTaskMethodBuilder`1+AsyncStateMachineBox`1.MoveNext()
       [21] void System.Threading.Tasks.AwaitTaskContinuation.RunCallback(System.Threading.ContextCallback, object, System.Threading.Tasks.Task&)
       [22] void System.Threading.Tasks.Task.RunContinuations(object)
       [23] bool System.Threading.Tasks.Task`1.TrySetResult(TResult)
       [24] void System.Runtime.CompilerServices.AsyncTaskMethodBuilder`1.SetExistingTaskResult(System.Threading.Tasks.Task`1[TResult], TResult)
       [25] void System.Runtime.CompilerServices.AsyncTaskMethodBuilder`1.SetResult(TResult)
       [26] void MegaCrit.Sts2.Core.Commands.CardPileCmd+<Add>d__7.MoveNext()
       [27] void System.Runtime.CompilerServices.AsyncTaskMethodBuilder`1+AsyncStateMachineBox`1.ExecutionContextCallback(object)
       [28] void System.Threading.ExecutionContext.RunInternal(System.Threading.ExecutionContext, System.Threading.ContextCallback, object)
       [29] void System.Runtime.CompilerServices.AsyncTaskMethodBuilder`1+AsyncStateMachineBox`1.MoveNext(System.Threading.Thread)
       [30] void System.Runtime.CompilerServices.AsyncTaskMethodBuilder`1+AsyncStateMachineBox`1.MoveNext()
       [31] void System.Threading.Tasks.AwaitTaskContinuation.RunCallback(System.Threading.ContextCallback, object, System.Threading.Tasks.Task&)
       [32] void System.Threading.Tasks.Task.RunContinuations(object)
       [33] bool System.Threading.Tasks.Task`1.TrySetResult(TResult)
       [34] void System.Runtime.CompilerServices.AsyncTaskMethodBuilder`1.SetExistingTaskResult(System.Threading.Tasks.Task`1[TResult], TResult)
       [35] void SilkSong.Scrpits.Patches.ShellSatchelPatch_AddToHandCapacity+<PostProcessHandAdds>d__2.MoveNext()
       [36] void System.Runtime.CompilerServices.AsyncTaskMethodBuilder`1+AsyncStateMachineBox`1.ExecutionContextCallback(object)
       [37] void System.Threading.ExecutionContext.RunInternal(System.Threading.ExecutionContext, System.Threading.ContextCallback, object)
       [38] void System.Runtime.CompilerServices.AsyncTaskMethodBuilder`1+AsyncStateMachineBox`1.MoveNext(System.Threading.Thread)
       [39] void System.Threading.Tasks.AwaitTaskContinuation.RunCallback(System.Threading.ContextCallback, object, System.Threading.Tasks.Task&)
       [40] void System.Threading.Tasks.Task.RunContinuations(object)
       [41] bool System.Threading.Tasks.Task`1.TrySetResult(TResult)
       [42] void System.Runtime.CompilerServices.AsyncTaskMethodBuilder`1.SetExistingTaskResult(System.Threading.Tasks.Task`1[TResult], TResult)
       [43] void <unknown>.MegaCrit.Sts2.Core.Commands.CardPileCmd+<Add>d__9.MoveNext_Patch1(MegaCrit.Sts2.Core.Commands.CardPileCmd+<Add>d__9&)
       [44] void System.Runtime.CompilerServices.AsyncTaskMethodBuilder`1+AsyncStateMachineBox`1.ExecutionContextCallback(object)
       [45] void System.Threading.ExecutionContext.RunInternal(System.Threading.ExecutionContext, System.Threading.ContextCallback, object)
       [46] void System.Runtime.CompilerServices.AsyncTaskMethodBuilder`1+AsyncStateMachineBox`1.MoveNext(System.Threading.Thread)
       [47] void System.Runtime.CompilerServices.AsyncTaskMethodBuilder`1+AsyncStateMachineBox`1.MoveNext()
       [48] void Godot.SignalAwaiter.SignalCallback(nint, Godot.NativeInterop.godot_variant**, int, Godot.NativeInterop.godot_bool*)
[INFO] Restored foreground FPS
[INFO] Player 1 playing card TH_SAKUYA-STRIKE (targeting 毛绒伏地虫 (index 1))
ERROR: Cannot instantiate C# script because the associated class could not be found. Script: 'res://TH_Sakuya/ArtWorks/VFX/NSakuyaCardTrailVfx.cs'. Make sure the script exists and contains a class definition with a name that matches the filename of the script exactly (it's case-sensitive).
   at: can_instantiate (modules/mono/csharp_script.cpp:2360)
   C# backtrace (most recent call first):
       [0] Godot.Node Godot.PackedScene.Instantiate(Godot.PackedScene+GenEditState)
       [1] T Godot.PackedScene.Instantiate<T>(Godot.PackedScene+GenEditState)
       [2] MegaCrit.Sts2.Core.Nodes.Vfx.NCardTrailVfx MegaCrit.Sts2.Core.Nodes.Vfx.NCardTrailVfx.Create(Godot.Control, string)
       [3] void MegaCrit.Sts2.Core.Nodes.Vfx.NCardFlyVfx._Ready()
       [4] bool Godot.Node.InvokeGodotClassMethod(Godot.NativeInterop.godot_string_name&, Godot.NativeInterop.NativeVariantPtrArgs, Godot.NativeInterop.godot_variant&)
       [5] bool Godot.CanvasItem.InvokeGodotClassMethod(Godot.NativeInterop.godot_string_name&, Godot.NativeInterop.NativeVariantPtrArgs, Godot.NativeInterop.godot_variant&)
       [6] bool MegaCrit.Sts2.Core.Nodes.Vfx.NCardFlyVfx.InvokeGodotClassMethod(Godot.NativeInterop.godot_string_name&, Godot.NativeInterop.NativeVariantPtrArgs, Godot.NativeInterop.godot_variant&)
       [7] Godot.NativeInterop.godot_bool Godot.Bridge.CSharpInstanceBridge.Call(nint, Godot.NativeInterop.godot_string_name*, Godot.NativeInterop.godot_variant**, int, Godot.NativeInterop.godot_variant_call_error*, Godot.NativeInterop.godot_variant*)
       [8] void Godot.NativeCalls.godot_icall_3_864(nint, nint, nint, Godot.NativeInterop.godot_bool, int)
       [9] void MegaCrit.Sts2.Core.Helpers.GodotTreeExtensions.AddChildSafely(Godot.Node, Godot.Node)
       [10] void MegaCrit.Sts2.Core.Commands.CardPileCmd+<>c__DisplayClass9_2.<Add>b__5()
       [11] void Godot.Callable.<From>g__Trampoline|1_0(object, Godot.NativeInterop.NativeVariantPtrArgs, Godot.NativeInterop.godot_variant&)
       [12] void Godot.DelegateUtils.InvokeWithVariantArgs(nint, System.Void*, Godot.NativeInterop.godot_variant**, int, Godot.NativeInterop.godot_variant*)
ERROR: Cannot instantiate C# script because the associated class could not be found. Script: 'res://TH_Sakuya/ArtWorks/VFX/NSakuyaCardTrail.cs'. Make sure the script exists and contains a class definition with a name that matches the filename of the script exactly (it's case-sensitive).
   at: can_instantiate (modules/mono/csharp_script.cpp:2360)
   C# backtrace (most recent call first):
       [0] Godot.Node Godot.PackedScene.Instantiate(Godot.PackedScene+GenEditState)
       [1] T Godot.PackedScene.Instantiate<T>(Godot.PackedScene+GenEditState)
       [2] MegaCrit.Sts2.Core.Nodes.Vfx.NCardTrailVfx MegaCrit.Sts2.Core.Nodes.Vfx.NCardTrailVfx.Create(Godot.Control, string)
       [3] void MegaCrit.Sts2.Core.Nodes.Vfx.NCardFlyVfx._Ready()
       [4] bool Godot.Node.InvokeGodotClassMethod(Godot.NativeInterop.godot_string_name&, Godot.NativeInterop.NativeVariantPtrArgs, Godot.NativeInterop.godot_variant&)
       [5] bool Godot.CanvasItem.InvokeGodotClassMethod(Godot.NativeInterop.godot_string_name&, Godot.NativeInterop.NativeVariantPtrArgs, Godot.NativeInterop.godot_variant&)
       [6] bool MegaCrit.Sts2.Core.Nodes.Vfx.NCardFlyVfx.InvokeGodotClassMethod(Godot.NativeInterop.godot_string_name&, Godot.NativeInterop.NativeVariantPtrArgs, Godot.NativeInterop.godot_variant&)
       [7] Godot.NativeInterop.godot_bool Godot.Bridge.CSharpInstanceBridge.Call(nint, Godot.NativeInterop.godot_string_name*, Godot.NativeInterop.godot_variant**, int, Godot.NativeInterop.godot_variant_call_error*, Godot.NativeInterop.godot_variant*)
       [8] void Godot.NativeCalls.godot_icall_3_864(nint, nint, nint, Godot.NativeInterop.godot_bool, int)
       [9] void MegaCrit.Sts2.Core.Helpers.GodotTreeExtensions.AddChildSafely(Godot.Node, Godot.Node)
       [10] void MegaCrit.Sts2.Core.Commands.CardPileCmd+<>c__DisplayClass9_2.<Add>b__5()
       [11] void Godot.Callable.<From>g__Trampoline|1_0(object, Godot.NativeInterop.NativeVariantPtrArgs, Godot.NativeInterop.godot_variant&)
       [12] void Godot.DelegateUtils.InvokeWithVariantArgs(nint, System.Void*, Godot.NativeInterop.godot_variant**, int, Godot.NativeInterop.godot_variant*)
ERROR: Cannot instantiate C# script because the associated class could not be found. Script: 'res://TH_Sakuya/ArtWorks/VFX/NSakuyaCardTrail.cs'. Make sure the script exists and contains a class definition with a name that matches the filename of the script exactly (it's case-sensitive).
   at: can_instantiate (modules/mono/csharp_script.cpp:2360)
   C# backtrace (most recent call first):
       [0] Godot.Node Godot.PackedScene.Instantiate(Godot.PackedScene+GenEditState)
       [1] T Godot.PackedScene.Instantiate<T>(Godot.PackedScene+GenEditState)
       [2] MegaCrit.Sts2.Core.Nodes.Vfx.NCardTrailVfx MegaCrit.Sts2.Core.Nodes.Vfx.NCardTrailVfx.Create(Godot.Control, string)
       [3] void MegaCrit.Sts2.Core.Nodes.Vfx.NCardFlyVfx._Ready()
       [4] bool Godot.Node.InvokeGodotClassMethod(Godot.NativeInterop.godot_string_name&, Godot.NativeInterop.NativeVariantPtrArgs, Godot.NativeInterop.godot_variant&)
       [5] bool Godot.CanvasItem.InvokeGodotClassMethod(Godot.NativeInterop.godot_string_name&, Godot.NativeInterop.NativeVariantPtrArgs, Godot.NativeInterop.godot_variant&)
       [6] bool MegaCrit.Sts2.Core.Nodes.Vfx.NCardFlyVfx.InvokeGodotClassMethod(Godot.NativeInterop.godot_string_name&, Godot.NativeInterop.NativeVariantPtrArgs, Godot.NativeInterop.godot_variant&)
       [7] Godot.NativeInterop.godot_bool Godot.Bridge.CSharpInstanceBridge.Call(nint, Godot.NativeInterop.godot_string_name*, Godot.NativeInterop.godot_variant**, int, Godot.NativeInterop.godot_variant_call_error*, Godot.NativeInterop.godot_variant*)
       [8] void Godot.NativeCalls.godot_icall_3_864(nint, nint, nint, Godot.NativeInterop.godot_bool, int)
       [9] void MegaCrit.Sts2.Core.Helpers.GodotTreeExtensions.AddChildSafely(Godot.Node, Godot.Node)
       [10] void MegaCrit.Sts2.Core.Commands.CardPileCmd+<>c__DisplayClass9_2.<Add>b__5()
       [11] void Godot.Callable.<From>g__Trampoline|1_0(object, Godot.NativeInterop.NativeVariantPtrArgs, Godot.NativeInterop.godot_variant&)
       [12] void Godot.DelegateUtils.InvokeWithVariantArgs(nint, System.Void*, Godot.NativeInterop.godot_variant**, int, Godot.NativeInterop.godot_variant*)
ERROR: System.InvalidCastException: Unable to cast object of type 'Godot.Node2D' to type 'MegaCrit.Sts2.Core.Nodes.Vfx.NCardTrailVfx'.
   at Godot.PackedScene.Instantiate[T](GenEditState editState)
   at MegaCrit.Sts2.Core.Nodes.Vfx.NCardTrailVfx.Create(Control card, String characterTrailPath)
   at MegaCrit.Sts2.Core.Nodes.Vfx.NCardFlyVfx._Ready()
   at Godot.Node.InvokeGodotClassMethod(godot_string_name& method, NativeVariantPtrArgs args, godot_variant& ret)
   at Godot.CanvasItem.InvokeGodotClassMethod(godot_string_name& method, NativeVariantPtrArgs args, godot_variant& ret)
   at MegaCrit.Sts2.Core.Nodes.Vfx.NCardFlyVfx.InvokeGodotClassMethod(godot_string_name& method, NativeVariantPtrArgs args, godot_variant& ret)
   at Godot.Bridge.CSharpInstanceBridge.Call(IntPtr godotObjectGCHandle, godot_string_name* method, godot_variant** args, Int32 argCount, godot_variant_call_error* refCallError, godot_variant* ret)
   at: void Godot.NativeInterop.ExceptionUtils.LogException(System.Exception) (:0)
   C# backtrace (most recent call first):
       [0] void Godot.GD.PushError(string)
       [1] void Godot.NativeInterop.ExceptionUtils.LogException(System.Exception)
       [2] Godot.NativeInterop.godot_bool Godot.Bridge.CSharpInstanceBridge.Call(nint, Godot.NativeInterop.godot_string_name*, Godot.NativeInterop.godot_variant**, int, Godot.NativeInterop.godot_variant_call_error*, Godot.NativeInterop.godot_variant*)
       [3] void Godot.NativeCalls.godot_icall_3_864(nint, nint, nint, Godot.NativeInterop.godot_bool, int)
       [4] void MegaCrit.Sts2.Core.Helpers.GodotTreeExtensions.AddChildSafely(Godot.Node, Godot.Node)
       [5] void MegaCrit.Sts2.Core.Commands.CardPileCmd+<>c__DisplayClass9_2.<Add>b__5()
       [6] void Godot.Callable.<From>g__Trampoline|1_0(object, Godot.NativeInterop.NativeVariantPtrArgs, Godot.NativeInterop.godot_variant&)
       [7] void Godot.DelegateUtils.InvokeWithVariantArgs(nint, System.Void*, Godot.NativeInterop.godot_variant**, int, Godot.NativeInterop.godot_variant*)
[INFO] Limiting background FPS to 30
[INFO] Restored foreground FPS
[INFO] Limiting background FPS to 30
[INFO] NGame.Quit called
[INFO] [Display] On exit, saving window size: (1920, 1080) display: 0 position: (399, 233)
[INFO] Wrote 2962 bytes to path=user://steam/76561198400867451/settings.save save_dir=user://steam/76561198400867451
[INFO] Wrote 2962 bytes to settings.save in steam remote store
[INFO] Wrote 242 bytes to path=user://steam/76561198400867451/modded/profile1\saves\prefs.save save_dir=user://steam/76561198400867451
[INFO] Wrote 242 bytes to modded/profile1/saves/prefs.save in steam remote store
[INFO] Wrote 269370 bytes to path=user://steam/76561198400867451/modded/profile1\saves\progress.save save_dir=user://steam/76561198400867451
[INFO] Wrote 269370 bytes to modded/profile1/saves/progress.save in steam remote store
[INFO] Wrote 52 bytes to path=user://steam/76561198400867451/profile.save save_dir=user://steam/76561198400867451
[INFO] Wrote 52 bytes to profile.save in steam remote store
[INFO] Restored foreground FPS
[INFO] Steamworks: shutting down...
[INFO] Steamworks shutdown succeeded!
[INFO] [Sentry.NET] Shutting down
FMOD Sound System: System released
WARNING: 894 RIDs of type "CanvasItem" were leaked.
   at: _free_rids (servers/rendering/renderer_canvas_cull.cpp:2678)
ERROR: 1 RID allocations of type 'N26RendererEnvironmentStorage11EnvironmentE' were leaked at exit.
ERROR: 5 shaders of type CanvasShaderRD were never freed
   at: ~ShaderRD (servers/rendering/renderer_rd/shader_rd.cpp:1044)
ERROR: 25 RID allocations of type 'N10RendererRD16ParticlesStorage9ParticlesE' were leaked at exit.
ERROR: 1 shaders of type ParticlesShaderRD were never freed
   at: ~ShaderRD (servers/rendering/renderer_rd/shader_rd.cpp:1044)
ERROR: 2 RID allocations of type 'N10RendererRD11MeshStorage9MultiMeshE' were leaked at exit.
ERROR: 27 RID allocations of type 'N10RendererRD11MeshStorage4MeshE' were leaked at exit.
ERROR: 106 RID allocations of type 'N10RendererRD15MaterialStorage8MaterialE' were leaked at exit.
ERROR: 6 RID allocations of type 'N10RendererRD15MaterialStorage6ShaderE' were leaked at exit.
ERROR: 30 RID allocations of type 'N10RendererRD14TextureStorage7TextureE' were leaked at exit.
WARNING: 2 RIDs of type "StorageBuffer" were leaked.
   at: _free_rids (servers/rendering/rendering_device.cpp:6981)
WARNING: 205 RIDs of type "UniformBuffer" were leaked.
   at: _free_rids (servers/rendering/rendering_device.cpp:6981)
WARNING: 2 RIDs of type "IndexArray" were leaked.
   at: _free_rids (servers/rendering/rendering_device.cpp:6981)
WARNING: 2 RIDs of type "IndexBuffer" were leaked.
   at: _free_rids (servers/rendering/rendering_device.cpp:6981)
WARNING: 4 RIDs of type "VertexBuffer" were leaked.
   at: _free_rids (servers/rendering/rendering_device.cpp:6981)
WARNING: 56 RIDs of type "Texture" were leaked.
   at: finalize (servers/rendering/rendering_device.cpp:7191)
ERROR: 300 RID allocations of type 'PN18TextServerAdvanced22ShapedTextDataAdvancedE' were leaked at exit.
ERROR: 3 RID allocations of type 'PN18TextServerAdvanced12FontAdvancedE' were leaked at exit.
ERROR: 5 RID allocations of type 'PN18TextServerAdvanced27FontAdvancedLinkedVariationE' were leaked at exit.
WARNING: ObjectDB instances leaked at exit (run with --verbose for details).
   at: cleanup (core/object/object.cpp:2514)
ERROR: 79 resources still in use at exit (run with --verbose for details).
   at: clear (core/io/resource.cpp:795)
